Hotel_name,name,rating,review
Hotel Mercure Jakarta Gatot Subroto,Yanee W,5.0,"['enjoy', 'night', 'execut', 'suit', 'room', 'spacious', 'clean', 'adequ', 'love', 'room', 'full', 'length', 'mirror', 'everywher', 'breakfast', 'spread', 'ok', 'food', 'qualiti', 'need', 'improv', 'servic', 'good', 'complaint', 'thank', 'mira', 'take', 'care', 'us', 'breakfast', 'room', 'suit', 'room', 'spacious', 'clean', 'nice', 'citi', 'view', 'bathroom', 'nice', 'bathtub', 'great', 'view']"
Hotel Mercure Jakarta Gatot Subroto,Alfathania Syakura,5.0,"['room', 'amaz', 'got', 'execut', 'suit', 'view', 'great', 'good', 'night', 'sleep', 'breakfast', 'hotel', 'mira', 'nice', 'milk', 'empti', 'ask', 'refil', 'milk', 'person', 'send', 'glass', 'milk', 'tabl', 'besid', 'could', 'speak', 'english', 'easier', 'us', 'communic', 'want', 'altho', 'food', 'qualiti', 'still', 'need', 'lot', 'improv', 'still', 'enjoy', 'breakfast', 'servic']"
Hotel Mercure Jakarta Gatot Subroto,Mutia Aulia,5.0,"['great', 'experi', 'stay', 'meet', 'room', 'confi', 'room', 'suitabl', 'great', 'view', 'smell', 'good', 'also', 'breakfast', 'mani', 'varianc', 'tast', 'good', 'staff', 'helpful', 'especi', 'ms', 'mira', 'shes', 'kind', 'charm']"
Hotel Mercure Jakarta Gatot Subroto,Ali Wafdi,5.0,"['enjoy', 'stay', 'hotel', 'room', 'well', 'appoint', 'great', 'view', 'bed', 'comfort', 'staff', 'help', 'respons', 'first', 'day', 'room', 'neighbor', 'room', 'make', 'much', 'nois', 'hallway', 'woke', 'us', 'receptionist', 'handl', 'situat', 'well', 'agre', 'chang', 'room', 'con', 'see', 'room', 'hear', 'neighbor', 'room', 'bell', 'might', 'bother', 'definit', 'back']"
Hotel Mercure Jakarta Gatot Subroto,Nadia Ladesma,5.0,"['great', 'experi', 'stay', 'stay', 'one', 'night', 'cozi', 'warm', 'place', 'stay', 'breakfast', 'excel', 'varieti', 'choic', 'western', 'food', 'indonesian', 'food', 'room', 'spacious', 'howev', 'think', 'bathroom', 'matt', 'bit', 'thicker', 'quick', 'get', 'soak', 'overal', 'nice', 'stay', 'would', 'love', 'come']"
Hotel Mercure Jakarta Gatot Subroto,Felicia,5.0,"['xmas', 'eve', 'dinner', 'white', 'rock', 'order', 'pasta', 'tast', 'realli', 'good', 'also', 'tri', 'dragon', 'sushi', 'roll', 'prawn', 'insid', 'unagi', 'top', 'unagi', 'realli', 'soft', 'tender', 'last', 'servic', 'also', 'awesom', 'especi', 'mira', 'thank', 'white', 'rock']"
Hotel Mercure Jakarta Gatot Subroto,Toh Heng Fatt,1.0,"['rubbish', 'wi', 'fi', 'room', 'stay', 'coupl', 'month', 'also', 'complaint', 'manag', 'mani', 'time', 'still', 'tri', 'improv', 'wi', 'fi', 'qualiti', 'plan', 'work', 'hotel', 'pleas', 'think', 'twice', 'besid', 'breakfast', 'tast', 'bad', 'time', 'repeat', 'breakfast', 'new', 'idea', 'everyth', 'fine']"
Hotel Mercure Jakarta Gatot Subroto,Yessie,5.0,"['stay', 'night', 'complaint', 'room', 'clean', 'spacious', 'never', 'chanc', 'tri', 'breakfast', 'friend', 'said', 'good', 'also', 'bodi', 'glow', 'massag', 'alaya', 'therapist', 'diana', 'good', 'realli', 'enjoy', 'definit', 'recommend']"
Hotel Mercure Jakarta Gatot Subroto,Eileen Tam,5.0,"['front', 'desk', 'staff', 'courteous', 'clear', 'explan', 'help', 'make', 'room', 'arrang', 'best', 'could', 'accommod', 'chang', 'room', 'comfort', 'bed', 'clean', 'toilet', 'shower', 'faulti', 'flicker', 'light', 'technician', 'prompt', 'assist', 'thing', 'hotel', 'consid', 'improv', 'hairdryer', 'provid', 'low', 'wattag', 'hot', 'enough', 'understand', 'person', 'prefer', 'thank', 'mercur', 'jakarta', 'gotot', 'subroto']"
Hotel Mercure Jakarta Gatot Subroto,Timora Wijayanto,5.0,"['nice', 'experi', 'stay', 'busi', 'trip', 'hotel', 'strateg', 'locat', 'citi', 'room', 'spacious', 'neat', 'comfort', 'good', 'food', 'sever', 'hous', 'resto', 'cafe', 'nice', 'gestur', 'one', 'staff', 'mbak', 'mira', 'breakfast', 'time', 'satisfi']"
Hotel Mercure Jakarta Gatot Subroto,Andrew Ng,5.0,"['greet', 'mira', 'flora', 'restaur', 'work', 'speak', 'fluent', 'english', 'help', 'find', 'seat', 'near', 'entranc', 'restaur', 'make', 'sure', 'still', 'see', 'person', 'belong', 'get', 'food', 'half', 'way', 'lunch', 'also', 'ask', 'food', 'qualiti', 'anyth', 'els', 'need', 'great', 'asset', 'compani', 'friend', 'high', 'qualiti', 'custom', 'servic', 'care']"
Hotel Mercure Jakarta Gatot Subroto,Flora Barus,5.0,"['great', 'locat', 'clean', 'comfort', 'spacious', 'room', 'room', 'wardrob', 'good', 'citi', 'view', 'delici', 'various', 'food', 'near', 'public', 'transport', 'best', 'thing', 'use', 'water', 'bottl', 'instead', 'provid', 'water', 'jar', 'room', 'water', 'dispens', 'near', 'lift']"
Hotel Mercure Jakarta Gatot Subroto,Sinta Kartika,5.0,"['nice', 'hotel', 'comfi', 'room', 'great', 'view', 'breakfast', 'mani', 'variant', 'asian', 'indonesian', 'food', 'serviv', 'execel', 'speciali', 'ms', 'mira', 'thank']"
Hotel Mercure Jakarta Gatot Subroto,Kosario Mohammad Kautsar,5.0,"['keep', 'good', 'work', 'bit', 'concern', 'breakfast', 'morn', 'come', 'let', 'set', 'breakfast', 'complet', 'thank', 'ms', 'nabila', 'room', 'spacious', 'good', 'high', 'rise', 'semi', 'indoor', 'pool', 'cool', 'wind', 'expos', 'meal', 'delici', 'room', 'even', 'restaur', 'got', 'bit', 'problem', 'mr', 'adi', 'ms', 'sandra', 'handl', 'good', 'direct', 'room', 'room', 'spacious', 'non', 'carpet', 'floor', 'great', 'tidi', 'well', 'cleanup', 'mr', 'nashshar', 'good', 'servic', 'walkabl', 'close', 'public', 'transport', 'instead', 'citi', 'taxi', 'food', 'drink', 'took', 'breakfast', 'th', 'floor', 'around', 'tast', 'meal', 'great', 'even', 'though', 'menu', 'limit', 'next', 'day', 'came', 'around', 'set', 'better', 'quicker', 'servic', 'clean', 'noteworthi', 'detail', 'got', 'problem', 'order', 'room', 'servic', 'around', 'hour', 'complet', 'order']"
Hotel Mercure Jakarta Gatot Subroto,Sally S,4.0,"['overal', 'good', 'stay', 'nice', 'hotel', 'great', 'locat', 'good', 'valu', 'coupl', 'issu', 'check', 'offer', 'take', 'deposit', 'charg', 'room', 'upgrad', 'gold', 'status', 'welcom', 'note', 'gift', 'room', 'accor', 'plus', 'discount', 'alcohol', 'breakfast', 'buffet', 'underwhelm', 'wine', 'exclud', 'gold', 'member', 'free', 'drink', 'pool', 'area', 'crowd', 'sunday', 'limit', 'understand', 'english', 'staff', 'desk', 'room', 'work', 'error', 'accor', 'plus', 'night', 'status', 'point', 'credit', 'music', 'neighbourhood', 'woke', 'everi', 'night', 'room', 'love', 'room', 'would', 'like', 'upgrad', 'accor', 'plus', 'gold', 'status']"
Hotel Mercure Jakarta Gatot Subroto,Mayette Quicho,4.0,"['hotel', 'perfect', 'locat', 'need', 'servic', 'stellar', 'staff', 'alway', 'help', 'room', 'spacious', 'comfort', 'clean', 'breakfast', 'restaur', 'ampl', 'main', 'indonesian', 'dish', 'although', 'stay', 'week', 'somehow', 'get', 'tire', 'thing', 'everyday', 'mayb', 'add', 'cuisin', 'like', 'intercontinent', 'tri', 'spa', 'th', 'floor', 'book', 'coupl', 'massag', 'relax', 'need', 'therapist', 'liya', 'iin', 'charm', 'compet', 'overal', 'experi', 'satisfactori', 'met', 'expect']"
Hotel Mercure Jakarta Gatot Subroto,Dylan,5.0,"['great', 'hotel', 'room', 'spacious', 'clean', 'staff', 'super', 'friend', 'help', 'floor', 'water', 'dispens', 'hotel', 'great', 'job', 'use', 'singl', 'use', 'plastic', 'final', 'hotel', 'indonesia', 'get', 'start', 'make', 'differ', 'high', 'recommend', 'hotel']"
Hotel Mercure Jakarta Gatot Subroto,Fanny Elias See,5.0,"['random', 'book', 'room', 'short', 'dn', 'getaway', 'jakarta', 'pleasant', 'surpris', 'new', 'clean', 'comfort', 'place', 'front', 'desk', 'staff', 'salma', 'kind', 'enough', 'extend', 'late', 'checkout', 'flight', 'even', 'although', 'came', 'earli', 'checkin', 'gave', 'us', 'drink', 'voucher', 'could', 'chill', 'wait', 'hous', 'restaur', 'cafe', 'room', 'spacious', 'clean', 'view', 'room', 'spectacular', 'even', 'enjoy', 'view', 'jakarta', 'bathroom', 'shower', 'complimentari', 'drink', 'minibar', 'also', 'nice', 'touch', 'overal', 'good', 'stay']"
Hotel Mercure Jakarta Gatot Subroto,Henri Sihombing,5.0,"['pleasant', 'stay', 'mercur', 'hotel', 'gatsu', 'best', 'room', 'view', 'great', 'facil', 'mani', 'varieti', 'breakfast', 'menu', 'front', 'offic', 'staff', 'realli', 'help', 'locat', 'hotel', 'great', 'regard']"
Hotel Mercure Jakarta Gatot Subroto,Rudy Setiawan,4.0,"['stay', 'good', 'alway', 'good', 'bed', 'pillow', 'manag', 'sleep', 'full', 'hour', 'appar', 'got', 'differ', 'layout', 'room', 'shower', 'toilet', 'bowl', 'area', 'space', 'toilet', 'bowl', 'got', 'wet', 'time', 'shower', 'good', 'wifi', 'awesom', 'good', 'job', 'satisfi', 'check', 'process', 'deposit', 'room', 'unabl', 'process', 'refund', 'reason', 'never', 'happen', 'ask', 'wait', 'day', 'process', 'complet', 'void', 'receipt', 'given']"
Hotel Mercure Jakarta Gatot Subroto,Hendra Firmansyah,5.0,"['great', 'experi', 'stay', 'hotel', 'great', 'locat', 'room', 'convi', 'staff', 'also', 'helpful', 'breaskfast', 'tast', 'good', 'ms', 'mira', 'give', 'excel', 'servic', 'thank']"
Hotel Mercure Jakarta Gatot Subroto,Triany Ani,5.0,"['one', 'beauti', 'memori', 'thooo', 'realli', 'appreci', 'team', 'manag', 'hotel', 'work', 'servic', 'good', 'enjoy', 'time', 'well', 'organ', 'clean', 'varieti', 'breakfast', 'enjoy', 'realli', 'tasti', 'grate', 'wish', 'could', 'come', 'back', 'soon', 'thank', 'ilham', 'hous', 'keeper', 'good', 'job']"
Hotel Mercure Jakarta Gatot Subroto,Hari Yanto,5.0,"['servic', 'ok', 'breakfast', 'also', 'mani', 'varianc', 'indonesian', 'food', 'ms', 'mira', 'helpful', 'breakfast', 'thank']"
Hotel Mercure Jakarta Gatot Subroto,Kinanti Anindita,1.0,"['servic', 'front', 'offic', 'bad', 'wait', 'long', 'time', 'offic', 'notic', 'call', 'one', 'help', 'us', 'check', 'bring', 'physic', 'voucher', 'show', 'confirm', 'letter', 'softcopi', 'voucher', 'offic', 'reject', 'document', 'come', 'hope', 'least', 'win', 'win', 'solut', 'hotel', 'offer', 'solut', 'definit', 'come', 'back']"
Hotel Mercure Jakarta Gatot Subroto,Ken Sofira,5.0,"['love', 'hotel', 'nice', 'comfi', 'room', 'great', 'view', 'citi', 'center', 'breakfast', 'complet', 'staff', 'front', 'offic', 'flora', 'restaur', 'friend', 'attent', 'especi', 'ms', 'nabila', 'profession', 'sincer', 'servic', 'us', 'keek', 'good', 'work', 'room', 'great', 'view', 'warm', 'comfi']"
Hotel Mercure Jakarta Gatot Subroto,Nadine Deskananda,5.0,"['drink', 'coff', 'cafe', 'name', 'wayang', 'cafe', 'place', 'super', 'comfi', 'food', 'coffe', 'tast', 'great', 'waitress', 'super', 'friend', 'love', 'spend', 'time', 'special', 'shout', 'dessi', 'smile', 'super', 'friend']"
Hotel Mercure Jakarta Gatot Subroto,Julius Kotir,5.0,"['breakfast', 'excel', 'term', 'qualiti', 'quantiti', 'best', 'ever', 'thank', 'nabila', 'servic', 'profession', 'interact', 'room', 'room', 'big', 'clean']"
Hotel Mercure Jakarta Gatot Subroto,Indriana Rara Subadra,5.0,"['white', 'rock', 'terrac', 'good', 'cafe', 'good', 'ambienc', 'good', 'staff', 'well', 'thank', 'servic', 'mba', 'mira', 'mas', 'arya', 'rizki', 'manda']"
Hotel Mercure Jakarta Gatot Subroto,wiwin anggraini,5.0,"['good', 'hotel', 'begin', 'food', 'servic', 'perfect', 'mira', 'one', 'hotel', 'staff', 'great', 'staff', 'friend', 'smile', 'thing', 'could', 'improv', 'hotel', 'internet', 'time', 'internet', 'stabl', 'hard', 'us', 'work', 'travel', 'reli', 'high', 'recommend', 'stay', 'mercur', 'jakarta', 'hotel', 'food', 'drink', 'food', 'perfect', 'love', 'mercur', 'food']"
Hotel Mercure Jakarta Gatot Subroto,Paolo Biondo,5.0,"['nice', 'locat', 'great', 'ambienc', 'grate', 'impecc', 'cleanli', 'room', 'throughout', 'stay', 'huge', 'shoutout', 'ahmad', 'except', 'dedic', 'keep', 'everyth', 'spotless']"
Sutasoma Hotel,Shaina Gandanegara,5.0,"['delight', 'stay', 'sutasoma', 'hotel', 'place', 'except', 'beauti', 'staff', 'member', 'incred', 'accommod', 'hotel', 'might', 'expans', 'appear', 'front', 'still', 'provid', 'enjoy', 'experi', 'spacious', 'bed', 'perfect', 'size', 'room', 'made', 'comfort', 'cozi', 'stay', 'would', 'definit', 'recommend', 'one', 'ad', 'perk', 'hotel', 'proxim', 'numer', 'korean', 'cuisin', 'option', 'make', 'dine', 'choic', 'conveni', 'enjoy', 'stay', 'nearbi', 'activ', 'one', 'ad', 'perk', 'hotel', 'proxim', 'numer', 'korean', 'cuisin', 'option', 'make', 'dine', 'choic', 'conveni', 'enjoy', 'stay']"
Sutasoma Hotel,Savitri Indraswari,5.0,"['stay', 'night', 'wonder', 'experi', 'great', 'hotel', 'great', 'staff', 'great', 'breakfast', 'would', 'recommend', 'hotel', 'anyon', 'need', 'stay', 'south', 'would', 'definit', 'come', 'back', 'next', 'time']"
Sutasoma Hotel,Ida Bagus Soma Antara,5.0,"['staff', 'hospit', 'room', 'facil', 'great', 'breakfast', 'tasti', 'lot', 'choic', 'total', 'recommend']"
Sutasoma Hotel,Feli Manda,5.0,"['magnific', 'luxuri', 'build', 'like', 'european', 'build', 'give', 'impress', 'expens', 'hotel', 'hotel', 'still', 'afford', 'suitabl', 'staycat', 'holiday', 'love', 'one', 'strateg', 'locat', 'easi', 'reach', 'swim', 'pool', 'spacious', 'clean', 'clean', 'luxuri', 'room', 'make', 'comfort', 'spend', 'night', 'hotel', 'recommend']"
Sutasoma Hotel,Renz Calub,5.0,"['sutasoma', 'hotel', 'first', 'home', 'made', 'big', 'move', 'jakarta', 'philippin', 'enjoy', 'stay', 'room', 'nice', 'spacious', 'breakfast', 'buffet', 'good', 'unforgett', 'indomi', 'station', 'hope', 'return', 'sutasoma', 'staycat', 'brunch', 'soon']"
Sutasoma Hotel,Mile R,3.0,"['hotel', 'conveni', 'locat', 'mall', 'restaur', 'super', 'market', 'drug', 'store', 'piti', 'bathroom', 'lack', 'towel', 'rack', 'hook', 'drawer', 'enter', 'toilet', 'seat', 'dirti', 'washbasin', 'water', 'run', 'smooth', 'towel', 'greyish', 'look', 'cockroach', 'bathroom', 'coffe', 'shop', 'rice', 'hard', 'look', 'like', 'cheff', 'use', 'old', 'rice', 'make', 'fright', 'rice', 'room', 'temperatur', 'freez', 'adjust', 'lower']"
Sutasoma Hotel,Trip.com Member,,"['live', 'environ', 'hotel', 'smell', 'good', 'breakfast', 'also', 'awesom', 'clean', 'comfi', 'smell', 'good', 'room', 'maintain', 'environ', 'futur']"
Sutasoma Hotel,Milah melati,5.0,"['love', 'hotel', 'nice', 'accommod', 'nice', 'servic', 'also', 'staff', 'nice', 'us', 'plus', 'get', 'great', 'insta', 'pictur', 'surround', 'hotel', 'actual', 'plus', 'point', 'walkabl', 'near', 'mrt']"
Sutasoma Hotel,Kk Dede,5.0,"['amaz', 'service', 'breakfast', 'weekday', 'greet', 'mba', 'linda', 'mas', 'bisri', 'offer', 'us', 'omelett', 'cup', 'coffe', 'tea', 'kindful', 'act', 'servic', 'thank', 'much']"
Sutasoma Hotel,Trip.com Member,,"['nice', 'design', 'basic', 'room', 'noth', 'much', 'around', 'vicin', 'hotel', 'even', 'though', 'dharmawangsa', 'unfortun', 'wrong', 'side', 'look', 'cafe', 'bar', 'eateri', 'around', 'hotel', 'better', 'stay', 'hotel', 'attach', 'convent', 'hall', 'believ', 'popular', 'wed', 'could', 'crowd', 'noisi', 'wed', 'event', 'go', 'breakfast', 'pretti', 'good', 'afford', 'servic', 'overal', 'good', 'staff', 'tri', 'make', 'guest', 'happi', 'cafe', 'food', 'ok', 'stick', 'standard', 'indonesian', 'cuisin', 'tri', 'tom', 'yam', 'goong', 'soup', 'total', 'right', 'fair', 'f', 'b', 'manag', 'charg', 'us', 'gave', 'feedback', 'probabl', 'stay', 'meet', 'way']"
Sutasoma Hotel,Zoe Lee,4.0,"['overal', 'great', 'enjoy', 'stay', 'gym', 'limit', 'humid', 'even', 'ac', 'turn', 'like', 'ambienc', 'room']"
Sutasoma Hotel,Lee Vai,5.0,"['dear', 'sutasoma', 'hotel', 'im', 'grate', 'overwhelm', 'welcom', 'gift', 'im', 'check', 'back', 'hotel', 'hotel', 'good', 'friend', 'staff', 'breakfast', 'awesom', 'coffe', 'beverag', 'includ', 'would', 'like', 'come', 'back', 'visit', 'jakarta', 'special', 'thank', 'mr', 'riko', 'front', 'offic', 'manag', 'excel', 'servic', 'crystal']"
Sutasoma Hotel,Jarupath Jitdoungprem (LordGift),5.0,"['nice', 'place', 'good', 'servic', 'breakfast', 'loung', 'mani', 'food', 'foreign', 'tri', 'indonesian', 'food', 'choos', 'familiar', 'central', 'heat', 'may', 'problem', 'slow', 'warm', 'water', 'wall', 'may', 'thin', 'hear', 'voic', 'anoth', 'room', 'room', 'central', 'heat', 'may', 'problem', 'slow', 'warm', 'water', 'wall', 'may', 'thin', 'hear', 'voic', 'anoth', 'room', 'safeti', 'elev', 'go', 'lobbi', 'room', 'floor', 'press', 'floor', 'button', 'food', 'drink', 'breakfast', 'loung', 'mani', 'food', 'foreign', 'tri', 'indonesian', 'food', 'choos', 'familiar']"
Sutasoma Hotel,renzy richie,5.0,"['time', 'stay', 'sutasoma', 'hotel', 'realli', 'enjoy', 'great', 'hospit', 'staff', 'especi', 'mba', 'nadia', 'prime', 'locat', 'super', 'clean', 'ultra', 'tidi', 'room', 'could', 'say', 'one', 'hidden', 'gem', 'hotel', 'south', 'jakarta', 'definit', 'return', 'sutasoma', 'hotel', 'keep', 'great', 'work', 'sutasoma', 'team']"
Sutasoma Hotel,andar irwansyah,5.0,"['realli', 'enjoy', 'stay', 'busi', 'trip', 'day', 'meet', 'next', 'hotel', 'servic', 'overal', 'good', 'rooftop', 'dinner', 'fantast']"
Sutasoma Hotel,Vidi,5.0,"['amaz', 'stay', 'unexpect', 'everi', 'decor', 'detail', 'like', 'air', 'freshen', 'pretti', 'tradit', 'eleg', 'everyth', 'metal', 'gold', 'color', 'ad', 'eleg', 'ambienc', 'great', 'ac', 'room', 'dine', 'room', 'layout', 'except', 'receptionist', 'keep', 'help', 'stuff', 'like', 'print', 'board', 'pass', 'small', 'errand', 'minus', 'shower', 'sound', 'lot', 'sometim', 'use', 'guest', 'unfortun', 'enough', 'floor', 'mani', 'kid', 'famili', 'travel', 'loud', 'ring', 'doorbel', 'lot', 'time', 'run', 'around', 'corridor', 'whole', 'time', 'even', 'ring', 'doorbel', 'mistak', 'otherwis', 'great', 'hotel']"
Sutasoma Hotel,JACQUELINE NATHALIA,5.0,"['two', 'night', 'stay', 'spend', 'belov', 'one', 'birthday', 'sutasoma', 'hotel', 'best', 'deciss', 'servic', 'best', 'great', 'companion', 'good', 'food', 'nice', 'ambienc', 'made', 'us', 'feel', 'like', 'stay', 'somewher', 'around', 'greek', 'italia', 'hehe', 'sutasoma', 'one', 'best', 'star', 'hotel', 'town', 'love', 'go', 'back']"
Sutasoma Hotel,Fauziah Nurmiyati,5.0,"['good', 'locat', 'south', 'jakarta', 'eleg', 'lobbi', 'comfi', 'room', 'big', 'comfort', 'bed', 'lot', 'variat', 'delici', 'food', 'breakfast', 'staff', 'also', 'friend', 'help']"
Sutasoma Hotel,Mei Mei,4.0,"['nice', 'hotel', 'smell', 'realli', 'good', 'room', 'clean', 'neat', 'locat', 'quiet', 'street', 'close', 'korean', 'supermarket', 'room', 'big', 'comfort', 'enough', 'long', 'seat', 'window']"
Sutasoma Hotel,Charmaine Yong,4.0,"['conveni', 'locat', 'cafe', 'restaur', 'nearbi', 'skew', 'toward', 'korean', 'japanes', 'restaur', 'bed', 'comfi', 'room', 'clean', 'issu', 'wait', 'iron', 'iron', 'board', 'took', 'hour', 'sent', 'room', 'call', 'recept', 'time', 'pleasant', 'stay']"
Sutasoma Hotel,Dania Sitadewi,5.0,"['roach', 'got', 'free', 'breakfast', 'sorri', 'good']"
Sutasoma Hotel,GD,5.0,"['come', 'breakfast', 'atman', 'loung', 'surpris', 'could', 'accept', 'outsid', 'guest', 'enjoy', 'breakfast', 'well', 'warm', 'welcom', 'front', 'desk', 'mas', 'adi', 'escort', 'restaur', 'show', 'room', 'breakfast', 'assist', 'mas', 'bisri', 'kind', 'help', 'moment', 'mas', 'adi', 'came', 'tabl', 'ask', 'assist', 'ask', 'room', 'show', 'possibl', 'assist', 'accord', 'inform', 'detail', 'explain', 'thrill', 'except', 'hospit', 'thank']"
Sutasoma Hotel,gabriella glady,5.0,"['great', 'time', 'stay', 'sutasoma', 'hotel', 'liter', 'look', 'aesthet', 'hotel', 'afford', 'price', 'around', 'south', 'jakarta', 'recommend', 'stay', 'lokasinya', 'persi', 'di', 'belakang', 'tribrata', 'hotel', 'star', 'ini', 'memiliki', 'swim', 'pool', 'gym', 'dan', 'juga', 'rooftop', 'nya', 'amaz', 'skyscrap', 'view', 'untuk', 'room', 'nya', 'itu', 'menurut', 'aku', 'lua', 'dan', 'nyaman', 'aku', 'stay', 'di', 'kakawin', 'suit', 'dimana', 'interior', 'nya', 'itu', 'lebih', 'eleg', 'dan', 'juga', 'ada', 'sentuhan', 'indonesia', 'nya', 'room', 'nya', 'itu', 'king', 'size', 'bed', 'marbl', 'bathroom', 'waterfal', 'shower', 'window', 'seat', 'great', 'place', 'stay', 'wan', 'na', 'staycat', 'escap', 'hustl', 'bustl', 'traffic', 'jakarta', 'room', 'cozi', 'comfi', 'nearbi', 'activ', 'near', 'mall', 'public', 'transport', 'lot', 'good', 'restaur', 'around', 'food', 'drink', 'food', 'delici', 'stay', 'night', 'breakfast', 'menu', 'alway', 'chang']"
Sutasoma Hotel,Ria Alamin,5.0,"['twice', 'check', 'check', 'process', 'fast', 'know', 'fo', 'name', 'recogn', 'necklac', 'wore', 'room', 'quit', 'big', 'ac', 'cold', 'like', 'pleas', 'add', 'face', 'tissu', 'tabl', 'make', 'complet', 'perfect', 'tissu', 'avail', 'toilet', 'breakfast', 'mani', 'choic', 'even', 'serv', 'gula', 'kapa', 'kid', 'need', 'stock', 'mani', 'kid', 'wait', 'staff', 'make', 'also', 'thank', 'pak', 'willi', 'servic', 'excel', 'serv', 'coffe', 'tabl', 'even', 'help', 'clear', 'tabl', 'like', 'ambienc', 'cleanli', 'servic', 'thank']"
Sutasoma Hotel,Maria Elsa,5.0,"['got', 'opportun', 'stay', 'sutasoma', 'hotel', 'vacat', 'year', 'locat', 'strateg', 'south', 'jakarta', 'breakfast', 'amaz', 'varieti', 'food', 'hotel', 'comfort', 'feel', 'like', 'home', 'room', 'also', 'clean', 'neat', 'thank', 'amanda', 'brought', 'memor', 'experi']"
Sutasoma Hotel,Adri Dwitomo,4.0,"['stay', 'eof', 'month', 'old', 'say', 'stay', 'pretti', 'enjoy', 'staff', 'help', 'incid', 'happen', 'event', 'go', 'place', 'car', 'pile', 'infront', 'hotel', 'lobbi', 'door', 'made', 'car', 'borther', 'move', 'entrancenway', 'block', 'nick', 'car', 'bumper', 'yeah', 'thing', 'made', 'review', 'instead', 'star', 'guard', 'duti', 'infront', 'hotel', 'entranc', 'make', 'sure', 'noth', 'like', 'happend', 'staff', 'apolog', 'habe', 'us', 'free', 'breakfast', 'along', 'fruit', 'platter', 'asid', 'hotel', 'pretti', 'quaint', 'shame', 'wall', 'pretti', 'thin', 'could', 'hear', 'room', 'laugh', 'away', 'night', 'hey', 'get', 'hear', 'babi', 'cri', 'would', 'stay', 'locat', 'hotel', 'strateg', 'activ', 'around', 'south', 'area', 'jakarta', 'also', 'easi', 'go', 'center', 'jakarta', 'hotel', 'posit', 'center', 'suburb', 'citi']"
Sutasoma Hotel,Eva Kosasih,5.0,"['thank', 'hospit', 'sutasoma', 'hotel', 'thank', 'anniversari', 'decor', 'cake', 'exceed', 'expect', 'hotel', 'peac', 'quiet', 'perfect', 'staycat', 'locat', 'close', 'mrt', 'station', 'make', 'handi', 'move', 'around', 'jakarta', 'food', 'drink', 'offer', 'lot', 'option', 'breakfast', 'food', 'tast', 'delici', 'wish', 'bigger', 'tummi']"
Sutasoma Hotel,catur nila wardani,5.0,"['love', 'ambianc', 'staff', 'help', 'signal', 'mobil', 'cellular', 'bad', 'room', 'get', 'wifi', 'help', 'breakfast', 'menu', 'quit', 'lot', 'time', 'serv', 'littl', 'bit', 'slow']"
Sutasoma Hotel,Martiana Sipahutar,5.0,"['hotel', 'locat', 'near', 'grand', 'wijaya', 'squar', 'plenti', 'restaur', 'around', 'found', 'plus', 'point', 'check', 'check', 'servic', 'effici', 'room', 'nice', 'clean', 'comfort', 'deffici', 'sound', 'travel', 'neighbour', 'room', 'well', 'us', 'upper', 'room', 'check', 'recheck', 'bathroom', 'ensur', 'leakag', 'sound', 'come', 'loud', 'appar', 'origin', 'next', 'bathroom', 'hotel', 'provid', 'water', 'jug', 'water', 'dispens', 'seen', 'alley', 'know', 'tea', 'sariwangi', 'could', 'better', 'gym', 'small', 'conveni', 'view', 'pool', 'enjoy', 'much', 'breakfast', 'good', 'especi', 'omelet', 'servic', 'excel', 'thank', 'sutasoma', 'return', 'renov', 'level', 'done']"
Sutasoma Hotel,Aprila Annasi Casia,5.0,"['room', 'super', 'cozi', 'clean', 'stay', 'dedinit', 'worth', 'money', 'staff', 'friend', 'front', 'offic', 'team', 'lead', 'windi', 'made', 'memor', 'welcom', 'arriv', 'alway', 'nice', 'friend', 'assist', 'need', 'stay', 'slight', 'improv', 'need', 'mainten', 'gym', 'equip', 'also', 'varieti', 'breakfast', 'could', 'ad', 'better', 'dine', 'experi', 'cappucino', 'awesom']"
Kemang Icon Jakarta,Astrid Augustrita,5.0,"['rate', 'room', 'stay', 'hotel', 'second', 'time', 'visit', 'restaur', 'dinner', 'event', 'last', 'night', 'function', 'room', 'splendid', 'buffet', 'tasti', 'love', 'black', 'pepper', 'beef', 'well', 'mushroom', 'cream', 'soup', 'forget', 'fri', 'banana', 'fri', 'cassava', 'snack', 'function', 'room', 'fit', 'well', 'us', 'around', 'pax', 'long', 'tabl', 'set', 'nice', 'christma', 'decor', 'thank', 'bapak', 'miftah', 'team', 'serv', 'us', 'kind', 'profession', 'locat', 'also', 'plus', 'point', 'corner', 'kemang', 'area', 'easi', 'access', 'locat', 'last', 'least', 'place', 'nice', 'view', 'rooftop', 'visit', 'sunset', 'recommend', 'beauti', 'sceneri', 'certain', 'revisit', 'place']"
Kemang Icon Jakarta,Gio Aguste,5.0,"['wonder', 'stay', 'kemang', 'icon', 'jakarta', 'suit', 'stay', 'call', 'ionic', 'suit', 'spacious', 'also', 'uniqu', 'decor', 'classic', 'touch', 'give', 'charm', 'ambianc', 'staff', 'numer', 'incred', 'friend', 'attent', 'made', 'sure', 'comfort', 'enjoy', 'experi', 'throughout', 'stay', 'breakfast', 'serv', 'la', 'cart', 'rather', 'buffet', 'style', 'food', 'absolut', 'delici', 'satisfi', 'overal', 'kemang', 'icon', 'jakarta', 'impress', 'spacious', 'charm', 'suit', 'attent', 'staff', 'delect', 'breakfast', 'definit', 'hotel', 'maintain', 'high', 'level', 'perform', 'pleas', 'keep', 'perform']"
Kemang Icon Jakarta,Firza Destrian,5.0,"['love', 'boutiqu', 'hotel', 'kemang', 'area', 'nice', 'aesthet', 'decor', 'build', 'artist', 'touch', 'suit', 'fabul', 'servic', 'particular', 'mas', 'erick', 'come', 'back', 'soon']"
Kemang Icon Jakarta,Agus Suci Wulandari,5.0,"['love', 'hotel', 'locat', 'strateg', 'un', 'kemang', 'find', 'lot', 'place', 'eat', 'leisur', 'coffe', 'cours', 'room', 'spacious', 'enough', 'eleg', 'interior', 'instagram', 'roof', 'top', 'staff', 'friend', 'rate', 'hotel', 'afford', 'star', 'hotel', 'overal', 'nice', 'experi', 'stay', 'hotel', 'room', 'spacious', 'eleg', 'interior', 'nearbi', 'activ', 'mani', 'cafe', 'restaur', 'around', 'place', 'hang']"
Kemang Icon Jakarta,Ajeng Suhardiman,5.0,"['splendid', 'locat', 'alway', 'love', 'uniqu', 'room', 'ive', 'stay', 'frequent', 'least', 'one', 'trip', 'year', 'experi', 'room', 'alway', 'look', 'forward', 'next', 'stay', 'warm', 'hospit', 'especi', 'ms', 'febe']"
Kemang Icon Jakarta,arinjeruk,5.0,"['hotelnya', 'bagus', 'aglio', 'olio', 'super', 'endulita', 'barbanero', 'staff', 'super', 'kind', 'definit', 'stay', 'often', 'p']"
Kemang Icon Jakarta,Nathania Lubis,5.0,"['room', 'uniqu', 'comfort', 'enjoy', 'satisfi', 'stay', 'high', 'recommend', 'hotel', 'jakarta', 'food', 'drink', 'food', 'delici', 'especi', 'view', 'jakarta', 'skylin']"
Kemang Icon Jakarta,Abah Ibik,5.0,"['best', 'roof', 'top', 'restaur', 'aesthet', 'small', 'hotel', 'burger', 'bluee', 'chees', 'nya', 'lezat', 'extra', 'mile', 'servic']"
Kemang Icon Jakarta,Mohd Nafzahizam Mohd Adnan,5.0,"['nd', 'time', 'love', 'room', 'servic', 'staff', 'realli', 'help', 'great', 'locat', 'well']"
Kemang Icon Jakarta,Louis Rivaldy,5.0,"['good', 'food', 'fabul', 'place', 'hang', 'roof', 'comfi', 'room', 'explain', 'word', 'tri', 'food', 'drink', 'ambianc', 'roof', 'fantast', 'good', 'food']"
Kemang Icon Jakarta,Lestari Astriani,5.0,"['uniqu', 'place', 'nice', 'room', 'ambienc', 'good', 'food', 'recomend']"
Kemang Icon Jakarta,Bishop Force,5.0,"['nice', 'cozi', 'place', 'stay', 'tranquil', 'love', 'ambienc']"
Kemang Icon Jakarta,Hendy Hendrawan M,5.0,"['nice', 'uniqu', 'place', 'perfect', 'famili', 'staycat']"
Kemang Icon Jakarta,Saiful Bakri,5.0,"['hotel', 'bit', 'run', 'still', 'quit', 'charm', 'locat', 'decent', 'nearbi', 'activ', 'bustl', 'entertain', 'nice', 'see', 'local', 'around']"
Kemang Icon Jakarta,efrikson nadeak,5.0,"['alway', 'best', 'experi', 'visit', 'hotel', 'restaur', 'alway', 'happi', 'comfort', 'enjoy', 'recommend', 'tri', 'hotep', 'restaur']"
Kemang Icon Jakarta,Kris Trimoeljo,3.0,"['book', 'hotel', 'tempt', 'photo', 'room', 'size', 'price', 'room', 'big', 'think', 'mainten', 'paid', 'good', 'attent', 'take', 'look', 'pictur', 'abund', 'choic', 'around', 'similar', 'price', 'level', 'may', 'return', 'back']"
Kemang Icon Jakarta,Angga Setiawan,5.0,"['kamar', 'nya', 'super', 'extraordinari', 'clean', 'internet', 'nya', 'hight', 'speed', 'stabil']"
Kemang Icon Jakarta,Nathania Nathania,5.0,"['good', 'locat', 'good', 'servic', 'nice', 'room']"
Kemang Icon Jakarta,Remko Simons,4.0,"['small', 'hotel', 'room', 'larg', 'hotel', 'room', 'littl', 'bit', 'old', 'still', 'nice', 'design', 'bathroom', 'open', 'space', 'without', 'door']"
Kemang Icon Jakarta,Abbott Hsu,5.0,"['well', 'organ', 'delic', 'hotel', 'kemang', 'area', 'feel', 'owner', 'want', 'creat', 'modern', 'tradit', 'atmospher', 'mix', 'decor', 'insid', 'staff', 'realli', 'friend', 'serv', 'matter', 'room', 'servic', 'bistro', 'though', 'room', 'overal', 'mainten', 'servic', 'super', 'good', 'good', 'place', 'stay', 'weekend', 'holiday', 'kemang', 'enjoy']"
Kemang Icon Jakarta,Josh Patil,1.0,"['worst', 'hotel', 'ever', 'staff', 'care', 'help', 'empti', 'promis', 'woke', 'room', 'complet', 'flood', 'water', 'first', 'morn', 'wifi', 'work', 'day', 'construct', 'hotel', 'start', 'drill', 'room', 'outsid', 'zero', 'thought', 'custom', 'servic', 'star', 'hotel', 'disguis', 'rip']"
Kemang Icon Jakarta,SelweN,5.0,"['nice', 'experi', 'n', 'famili', 'stay', 'kemang', 'icon', 'room', 'comfort', 'safeti', 'safe', 'food', 'drink', 'good']"
Kemang Icon Jakarta,Santino Pasini,1.0,"['kemang', 'icon', 'alila', 'one', 'favourit', 'hotel', 'stay', 'mani', 'time', 'year', 'ago', 'today', 'first', 'visit', 'mayb', 'year', 'excit', 'great', 'experi', 'shock', 'see', 'see', 'today', 'first', 'furnitur', 'fixtur', 'insid', 'room', 'good', 'condit', 'anymor', 'understand', 'hotel', 'year', 'old', 'realli', 'upset', 'us', 'broken', 'elev', 'second', 'day', 'forc', 'us', 'walk', 'stair', 'room', 'rd', 'floor', 'handl', 'exercis', 'year', 'old', 'mother', 'us', 'hard', 'frustrat', 'problem', 'fix', 'prompt', 'hotel', 'duti', 'manag', 'avail', 'premis', 'unfortun', 'bad', 'experi', 'stop', 'dinner', 'edg', 'restaur', 'tenderloin', 'steak', 'rib', 'eye', 'steak', 'dri', 'hard', 'far', 'juici', 'soft', 'meat', 'rememb', 'ate', 'year', 'ago', 'time', 'realli', 'tast', 'like', 'frozen', 'meat', 'kept', 'day', 'cook', 'proper', 'disappoint', 'realli', 'like', 'hotel', 'appar', 'hotel', 'part', 'alila', 'anymor', 'reason', 'downgrad', 'qualiti', 'current', 'manag', 'hotel', 'must', 'thing', 'right', 'urgent', 'still', 'want', 'exist']"
Kemang Icon Jakarta,Omri Ben-Canaan,5.0,"['kemang', 'icon', 'far', 'one', 'best', 'hotel', 'stay', 'jakarta', 'room', 'huge', 'sqm', 'staff', 'super', 'friend', 'help', 'locat', 'ideal', 'central', 'restaur', 'delici', 'lot', 'differ', 'cuisin', 'need', 'ventur', 'outsid', 'gojek', 'anyth', 'beauti', 'pool', 'rooftop', 'definit', 'come', 'back', 'star', 'hand']"
Kemang Icon Jakarta,Berliano rex,5.0,"['good', 'room', 'good', 'ambienc', 'good', 'food', 'beverag']"
Kemang Icon Jakarta,Dewi Wulandari,5.0,"['alway', 'special', 'room', 'heart', 'small', 'hotel', 'like', 'one', 'room', 'room', 'uniqu', 'design', 'one', 'differ', 'stay', 'illus', 'room', 'spacious', 'need', 'bit', 'tlc', 'interior', 'heard', 'schedul', 'renov', 'mas', 'ilham', 'manag', 'helpful', 'breakfast', 'buffet', 'get', 'order', 'list', 'look', 'delici', 'stay', 'alon', 'get', 'time', 'worth', 'everi', 'dime', 'got', 'sens', 'space', 'quiet', 'dear', 'need', 'alreadi', 'schedul', 'come', 'new', 'year', 'famili', 'conclus', 'definit', 'put', 'hotel', 'list']"
Kemang Icon Jakarta,Erika HDRF,5.0,"['vibe', 'view', 'perfect', 'caught', 'sun', 'set', 'night', 'light', 'stun', 'got', 'advantag', 'use', 'upper', 'room', 'decor', 'wow', 'great', 'spot', 'photo', 'shoot', 'oh', 'suggest', 'place', 'privat', 'parti', 'great', 'place']"
Kemang Icon Jakarta,christiaan tumbelaka,2.0,"['place', 'nice', 'clean', 'staff', 'nice', 'helpful', 'polit', 'ceasar', 'salat', 'bad', 'fress', 'salat', 'cherri', 'tomato', 'cut', 'half', 'black', 'oliv', 'chicken', 'brest', 'dri', 'old', 'bufalo', 'chickenw', 'reheaten', 'frozen', 'pakag', 'dri']"
Kemang Icon Jakarta,Anita Maerani,5.0,"['love', 'uniqu', 'design', 'room', 'give', 'best', 'time', 'experi', 'also', 'pool', 'area', 'favorit', 'spot', 'enjoy', 'sunset', 'middl', 'crowd', 'traffic', 'pay', 'deserv', 'good', 'job']"
Kemang Icon Jakarta,Jason Chan,4.0,"['room', 'spacious', 'uniqu', 'design', 'air', 'con', 'cold', 'seem', 'abl', 'find', 'remot', 'hotel', 'help', 'prepar', 'breakfast', 'earli', 'check', 'thumb']"
Hotel GranDhika Iskandarsyah,Arief,4.0,"['hotel', 'jive', 'actual', 'servic', 'good', 'need', 'maintain', 'room', 'better', 'room', 'bathroom', 'scale', 'sink', 'got', 'clog', 'hotel', 'main', 'busi', 'trip', 'event', 'view', 'nice', 'flyover', 'new', 'us', 'overal', 'would', 'say']"
Hotel GranDhika Iskandarsyah,Spanolier,2.0,"['decid', 'famili', 'weekend', 'getaway', 'last', 'month', 'hotel', 'read', 'good', 'review', 'check', 'smooth', 'staff', 'friend', 'check', 'condit', 'room', 'left', 'belong', 'room', 'go', 'lunch', 'back', 'son', 'went', 'bathroom', 'fount', 'tile', 'shower', 'dirti', 'hair', 'hotel', 'staff', 'ask', 'permiss', 'clean', 'bathroom', 'room', 'request', 'chang', 'room', 'instead', 'took', 'less', 'min', 'report', 'time', 'chang', 'room', 'besid', 'small', 'lamp', 'next', 'bed', 'hang', 'unsymmetr', 'due', 'loos', 'screw', 'found', 'big', 'brown', 'stain', 'sheet', 'new', 'room', 'clean']"
Hotel GranDhika Iskandarsyah,Patria Nurhari,4.0,"['chose', 'accommod', 'strateg', 'locat', 'purpos', 'room', 'food', 'okay', 'howev', 'issu', 'servic', 'need', 'improv', 'hospit', 'busi']"
Hotel GranDhika Iskandarsyah,Trip.com Member,,"['recept', 'nice', 'room', 'comfort', 'clean', 'mani', 'interest', 'place', 'around', 'shop', 'mall', 'mrt', 'station', 'convent', 'use', 'everi', 'transport', 'good', 'experi', 'love']"
Hotel GranDhika Iskandarsyah,Lukman Tanjung,5.0,"['room', 'might', 'spacious', 'clean', 'enough', 'love', 'use', 'glass', 'bottl', 'instead', 'plastic', 'staff', 'friend', 'well']"
Hotel GranDhika Iskandarsyah,Ira Dani Asalia,1.0,"['rush', 'said', 'food', 'done', 'less', 'min', 'order', 'made', 'wait', 'minut', 'pasta', 'simpl', 'soto', 'big', 'well', 'known', 'hotel', 'realli', 'worker', 'said', 'noth', 'well', 'disappoint']"
Hotel GranDhika Iskandarsyah,Trip.com Member,,"['take', 'minut', 'walk', 'compani', 'chose', 'place', 'worri', 'traffic', 'jam', 'everi', 'day', 'hotel', 'inde', 'bit', 'old', 'breakfast', 'good', 'servic', 'staff', 'polit', 'servic', 'relat', 'good', 'swim', 'pool', 'also', 'avail', 'conveni', 'store', 'opposit', 'hotel', 'also', 'blokm', 'restaur', 'food', 'street', 'basement', 'level', 'okay', 'stay', 'busi', 'trip', 'vacat', 'may', 'suitabl']"
Hotel GranDhika Iskandarsyah,Monica R S,5.0,"['stay', 'work', 'function', 'one', 'meet', 'room', 'day', 'wifi', 'fast', 'food', 'excel', 'lunch', 'buffet', 'probabl', 'one', 'best', 'jakarta', 'rank', 'high', 'alongsid', 'big', 'five', 'star', 'hotel', 'food', 'most', 'indonesian', 'tast', 'top', 'notch', 'colleagu', 'rave', 'good', 'food', 'would', 'come', 'back', 'second', 'thank', 'kresna', 'attent', 'servic']"
Hotel GranDhika Iskandarsyah,Moses Heryanto - TX TRAVEL Bogor,4.0,"['good', 'locat', 'mnt', 'walk', 'distanc', 'blokm', 'bus', 'termin', 'come', 'meet', 'th', 'fl']"
Hotel GranDhika Iskandarsyah,Ari,4.0,"['recent', 'stay', 'grandhika', 'busi', 'trip', 'room', 'comfort', 'met', 'need', 'adequ', 'food', 'hotel', 'decent', 'though', 'except', 'realli', 'stood', 'strateg', 'locat', 'grandhika', 'made', 'conveni', 'busi', 'activ', 'area']"
Hotel GranDhika Iskandarsyah,Chris Garrett,1.0,"['fals', 'advertis', 'place', 'dump', 'yes', 'cheap', 'chose', 'due', 'locat', 'meet', 'claim', 'gym', 'still', 'show', 'photo', 'shut', 'three', 'year', 'ago', 'told', 'receiv', 'mani', 'complaint', 'reason', 'decid', 'chang', 'websit', 'lure', 'guest', 'wall', 'room', 'dirti', 'scuf', 'mark', 'light', 'bedroom', 'shut', 'switch', 'take', 'key', 'wall', 'unit', 'sleep', 'heat', 'staff', 'friend', 'clear', 'manag', 'squeez', 'everi', 'last', 'penni', 'place', 'run', 'ground', 'stay']"
Hotel GranDhika Iskandarsyah,Trip.com Member,,"['one', 'best', 'servic', 'ever', 'got', 'rooftop', 'amaz', 'close', 'pm', 'open', 'until', 'pm', 'close', 'market', 'mall', 'metro', 'busi', 'center']"
Hotel GranDhika Iskandarsyah,Rahadian,3.0,"['went', 'lowest', 'basement', 'use', 'small', 'elev', 'get', 'park', 'lot', 'sudden', 'bellboy', 'guest', 'enter', 'elev', 'lobbi', 'floor', 'huge', 'luggag', 'carrier', 'almost', 'fill', 'entir', 'elev', 'space', 'make', 'us', 'uncomfort', 'difficult', 'get', 'elev', 'guess', 'destin', 'upper', 'level', 'probabl', 'guest', 'room', 'even', 'wait', 'elev', 'back', 'basement', 'upper', 'level', 'inconsider', 'toward', 'guest']"
Hotel GranDhika Iskandarsyah,Y S,4.0,"['hotel', 'servic', 'ok', 'locat', 'good', 'enough', 'travel', 'bit', 'far', 'train', 'station', 'bus', 'station', 'taxi', 'easi', 'get', 'insid', 'wait', 'need', 'get', 'hotel', 'stay', 'outsid', 'road']"
Hotel GranDhika Iskandarsyah,See Chai Ho,3.0,"['near', 'train', 'local', 'peopl', 'local', 'life', 'enjoy', 'walk', 'around', 'japanes', 'food', 'supermarket', 'around']"
Hotel GranDhika Iskandarsyah,RIZKI BALA,5.0,"['room', 'comfort', 'clean', 'spacious', 'food', 'breakfast', 'also', 'delici']"
Hotel GranDhika Iskandarsyah,Luc Haas,5.0,"['comfort', 'clean', 'conveni', 'friend', 'servic', 'fair', 'price', 'great', 'locat', 'excel', 'breakfast', 'place', 'choic', 'jakarta']"
Hotel GranDhika Iskandarsyah,James Kayle Labasano,5.0,"['stay', 'month', 'never', 'disappoint', 'breakfast', 'yummi', 'custom', 'servic', 'good']"
Hotel GranDhika Iskandarsyah,Cindy Stefanie,5.0,"['almost', 'full', 'week', 'stay', 'grandhika', 'hotel', 'servic', 'excel', 'mr', 'syam', 'help', 'check', 'situat', 'carri', 'lot', 'luggag', 'room', 'also', 'comfort', 'well', 'clean', 'minus', 'room', 'littl', 'bit', 'dark', 'lot', 'bright', 'light', 'night']"
Hotel GranDhika Iskandarsyah,Yi De Fong,4.0,"['long', 'stay', 'guest', 'hotel', 'month', 'month', 'say', 'quit', 'impress', 'servic', 'particular', 'qori', 'endang', 'iman', 'housekeep', 'team', 'friend', 'good', 'attent', 'detail', 'downsid', 'mainten', 'qualiti', 'room', 'bit', 'lack', 'instanc', 'wall', 'quit', 'thin', 'hear', 'person', 'next', 'room', 'snore', 'get', 'woken', 'alarm', 'clock', 'room', 'well', 'room', 'also', 'start', 'leak', 'bad', 'rain', 'transfer', 'anoth', 'room', 'prompt', 'though']"
Hotel GranDhika Iskandarsyah,Arung Isyadi,5.0,"['imho', 'best', 'hotel', 'plan', 'explor', 'southern', 'jakarta', 'still', 'go', 'back', 'comfort', 'bedroom', 'restaur', 'rooftop', 'great', 'cook', 'bit', 'long', 'fri', 'rice', 'breakfast', 'good', 'noth', 'special', 'except', 'instant', 'noodl', 'menu', 'overal', 'satisfi', 'experi', 'stay', 'night']"
Hotel GranDhika Iskandarsyah,Lena Zarkowska,5.0,"['amaz', 'hotel', 'jakarta', 'reason', 'price', 'staff', 'help', 'friend', 'particular', 'sam', 'recept', 'look', 'bag', 'checkout', 'until', 'flight', 'could', 'explor', 'citi', 'also', 'found', 'sew', 'kit', 'fix', 'backpack', 'broke', 'extrem', 'kind', 'breakfast', 'also', 'amaz', 'one', 'vari', 'throughout', 'two', 'month', 'indonesia', 'certain', 'come', 'back', 'jakarta']"
Hotel GranDhika Iskandarsyah,Denise Ding,2.0,"['hotel', 'conveni', 'locat', 'basic', 'amen', 'busi', 'travel', 'need', 'posit', 'end', 'room', 'poor', 'condit', 'light', 'ac', 'room', 'either', 'would', 'turn', 'would', 'turn', 'cleanli', 'mediocr', 'best', 'found', 'hair', 'previous', 'guest', 'bathroom', 'check', 'towel', 'stain', 'wall', 'thin', 'clear', 'hear', 'neighbor', 'tv', 'worst', 'recept', 'staff', 'neglig', 'border', 'rude']"
Hotel GranDhika Iskandarsyah,hendri mustar,5.0,"['perfect', 'locat', 'free', 'odd', 'even', 'street', 'nice', 'food']"
Hotel GranDhika Iskandarsyah,Dorothea Cindy,1.0,"['reserv', 'connect', 'room', 'came', 'front', 'offic', 'told', 'us', 'wait', 'till', 'pm', 'room', 'prepar', 'pm', 'still', 'wait', 'room', 'prepar', 'proper', 'lobbi', 'wait', 'pm', 'final', 'got', 'room', 'wait', 'hrs', 'poor', 'servic', 'room', 'corridor', 'ceil', 'look', 'disgust', 'leak', 'mushroom', 'stain', 'let', 'see', 'new', 'year', 'eve', 'event', 'go', 'alreadi', 'bad', 'experi', 'mood', 'sinc', 'arriv', 'worst', 'hotel', 'servic', 'ever', 'experienc', 'realli', 'recommend', 'stay', 'edit', 'food', 'tast', 'restaur', 'servic', 'good', 'want', 'come', 'come', 'tri', 'meal', 'stay', 'star', 'hotel', 'qualiti', 'servic', 'absolut', 'hilari']"
Hotel GranDhika Iskandarsyah,Bambang Tri,1.0,"['meet', 'room', 'ok', 'amaz', 'busi', 'centr', 'print', 'document', 'also', 'toilet', 'near', 'meet', 'room', 'dark', 'wet', 'dirti', 'amaz', 'gym', 'spa', 'pool', 'close', 'saturday', 'pleas', 'experi', 'busi', 'leisur']"
Hotel GranDhika Iskandarsyah,Trip.com Member,,"['hotel', 'relat', 'old', 'bathroom', 'light', 'exhaust', 'fan', 'turn', 'book', 'non', 'smoke', 'room', 'arrang', 'smoke', 'room', 'talk', 'front', 'desk', 'long', 'time', 'agre', 'chang', 'day']"
Hotel GranDhika Iskandarsyah,Eric Effin' P - MTB Content,4.0,"['locat', 'good', 'block', 'area', 'strateg', 'senayan', 'scbd', 'kemang', 'gandaria', 'room', 'servic', 'quit', 'nice', 'portion', 'good', 'thing', 'bad', 'hotel', 'lobbi', 'guest', 'think', 'expens', 'car', 'take', 'sweet', 'time', 'prepar', 'wait', 'lobbi', 'narrow', 'wifi', 'quit', 'good', 'want', 'view', 'stay', 'along', 'road', 'want', 'nois', 'els', 'stay', 'opposit', 'get', 'away', 'main', 'road', 'air', 'con', 'antarctica', 'cold', 'els', 'work', 'well']"
Hotel GranDhika Iskandarsyah,Albertus Fuad PHS,5.0,"['top', 'help', 'accomod', 'friend', 'staff', 'great', 'locat', 'tasti', 'balanc', 'food', 'clean', 'room', 'order', 'room', 'servic', 'quarantin', 'stay', 'restaur', 'staff', 'recommend', 'cheaper', 'similar', 'menu', 'ask', 'allergen', 'good', 'job', 'tip', 'soundproof', 'might', 'need', 'work', 'could', 'hear', 'clear', 'nois', 'street', 'also', 'would', 'much', 'better', 'internet', 'fast', 'enough', 'smooth', 'team', 'zoom', 'meet', 'overal', 'impress', 'nice', 'hotel', 'staff', 'best', 'asset', 'worth', 'cost']"
Hotel GranDhika Iskandarsyah,Endang Rinasih Pakso Wati,5.0,"['love', 'place', 'nice', 'place', 'stay', 'want', 'middl', 'shop', 'area', 'room', 'super', 'clean', 'bed', 'comfort', 'breakfast', 'menu', 'nice', 'lot', 'variat', 'pool', 'big', 'comfi', 'clean', 'water', 'caus', 'irrit', 'love', 'pool', 'feel', 'like', 'privat', 'pool', 'servic', 'good', 'also', 'check', 'us', 'direct', 'complain', 'technician', 'immedi', 'sent', 'mainten', 'need', 'help', 'cost', 'room', 'averag', 'worth', 'money', 'spent', 'overal', 'stay', 'wonder', 'definit', 'visit']"
Veranda Hotel Pakubuwono,Robert Mulyono Putra,5.0,"['hotel', 'good', 'give', 'quiet', 'peac', 'vibe', 'busi', 'jakarta', 'gym', 'small', 'still', 'satisfi', 'need', 'pump', 'open', 'till', 'pm', 'got', 'appl', 'orang', 'bowl', 'serv', 'free', 'water', 'orang', 'infus', 'water', 'machin', 'good', 'swim', 'pool', 'last', 'time', 'water', 'fresh', 'mayb', 'much', 'chlorin', 'someth', 'skin', 'got', 'itchi', 'hurt', 'room', 'clean', 'nice', 'fragranc', 'bed', 'hard', 'comfi', 'maintain', 'postur', 'pillow', 'great', 'comfi', 'tabl', 'long', 'big', 'function', 'mani', 'charg', 'place', 'still', 'ok', 'breakfast', 'got', 'mani', 'choic', 'noodl', 'variant', 'everyday', 'overcook', 'soggi', 'menu', 'great', 'servic', 'good', 'love', 'hotel', 'locat', 'prime', 'still', 'ok', 'busi', 'trip']"
Veranda Hotel Pakubuwono,Ahmad Marzuki,5.0,"['one', 'comfort', 'hotel', 'ever', 'visit', 'spacious', 'lobbi', 'comfort', 'clean', 'well', 'maintain', 'room', 'incred', 'friend', 'respons', 'effici', 'staff', 'make', 'want', 'return', 'stay', 'soon', 'one', 'enjoy', 'moment', 'delici', 'breakfast', 'varieti', 'menu', 'option', 'along', 'view', 'pool', 'green', 'tree', 'surround', 'made', 'want', 'linger', 'restaur', 'long', 'time', 'thank', 'miss', 'sarah', 'friend', 'humor']"
Veranda Hotel Pakubuwono,Yun Sik Mike Choi,1.0,"['hotel', 'carri', 'paint', 'job', 'night', 'pm', 'staff', 'answer', 'complaint', 'call', 'could', 'provid', 'answer', 'pretend', 'hear', 'anymor', 'decid', 'hang', 'paint', 'smell', 'come', 'room', 'ventil', 'sleep', 'well', 'throughout', 'whole', 'night', 'terribl', 'headach', 'next', 'day', 'truli', 'one', 'worst', 'experi', 'ever', 'hotel']"
Veranda Hotel Pakubuwono,Leksy Jordan,5.0,"['good', 'ambienc', 'clean', 'room', 'conveni', 'locat', 'effici', 'check', 'check', 'process', 'thank', 'lara', 'gian', 'mujianafor', 'excel', 'servic', 'room', 'clean', 'comfi', 'spacious', 'quiet', 'safeti', 'well', 'train', 'guard']"
Veranda Hotel Pakubuwono,Trip.com Member,,"['great', 'hotel', 'servic', 'excel', 'especi', 'restaur', 'breakfast', 'manag', 'mr', 'umeda', 'even', 'came', 'say', 'hi', 'room', 'perfect', 'size', 'small', 'clink', 'solv', 'staff', 'prompt', 'smooth', 'great', 'valu', 'money']"
Veranda Hotel Pakubuwono,Wanasarah Purba,5.0,"['hotel', 'realli', 'comfi', 'realli', 'great', 'choic', 'choos', 'hotel', 'staycat', 'especi', 'u', 'concert', 'attend', 'gbk', 'love', 'clean', 'room', 'help', 'staff', 'us', 'special', 'thank', 'mas', 'diki', 'help', 'us', 'thing', 'mean', 'lot', 'us', 'thank', 'veranda', 'sure', 'choos', 'hotel', 'come', 'jakarta']"
Veranda Hotel Pakubuwono,Andre Gemalasatria Lolong,4.0,"['comfort', 'nice', 'place', 'stay', 'good', 'breakfast', 'locat', 'heart', 'ok', 'jakarta', 'selatan', 'good', 'staycat', 'bring', 'relat', 'anoth', 'town', 'countri', 'food', 'drink', 'good', 'breakfast', 'croissant', 'tasti', 'tell', 'textur', 'light', 'brow', 'color', 'tast', 'sandwich', 'even', 'pootidg', 'good']"
Veranda Hotel Pakubuwono,Shivani Mishra,5.0,"['pretti', 'good', 'hotel', 'long', 'stay', 'comfort', 'room', 'neat', 'tidi', 'clean', 'everyday', 'staff', 'breakfast', 'spread', 'realli', 'good', 'restaur', 'serv', 'varieti', 'continent', 'local', 'dish', 'staff', 'generous', 'polit', 'alway', 'readi', 'help', 'overal', 'comfort', 'stay', 'amen', 'hotel', 'veranda', 'room', 'spacious', 'clean', 'room', 'food', 'drink', 'pretti', 'good', 'breakfast', 'spread', 'restaur', 'menu']"
Veranda Hotel Pakubuwono,Muhammad Fauzi,5.0,"['veranda', 'hotel', 'pakubuwono', 'offer', 'delight', 'stay', 'strateg', 'locat', 'near', 'busway', 'station', 'ensur', 'conveni', 'transport', 'hotel', 'boast', 'uniqu', 'concept', 'provid', 'guest', 'distinct', 'memor', 'experi', 'addit', 'site', 'restaur', 'offer', 'delight', 'dine', 'experi', 'complement', 'overal', 'pleasant', 'stay']"
Veranda Hotel Pakubuwono,Gwenda,5.0,"['second', 'time', 'stay', 'nice', 'experi', 'dion', 'friend', 'kind', 'staff', 'impress', 'assist', 'smile', 'food', 'drink', 'yummi', 'yummi']"
Veranda Hotel Pakubuwono,Makan Berteman,5.0,"['great', 'hotel', 'good', 'neighbourhood', 'stay', 'weekend', 'amaz', 'servic', 'hospit', 'special', 'thank', 'sarah', 'imron', 'restaur', 'super', 'friend', 'truli', 'recommend', 'weekend', 'getaway', 'food', 'drink', 'awesom', 'food']"
Veranda Hotel Pakubuwono,purwanto setiadi,5.0,"['situat', 'right', 'across', 'bus', 'stop', 'wake', 'distanc', 'commut', 'line', 'station', 'hotel', 'access', 'also', 'surround', 'place', 'look', 'food', 'coffe', 'mall', 'well', 'nearbi']"
Veranda Hotel Pakubuwono,martha,5.0,"['food', 'ambianc', 'nice', 'realli', 'pleasant', 'thank', 'ms', 'jessica', 'hospit', 'given', 'total', 'back']"
Veranda Hotel Pakubuwono,andar irwansyah,1.0,"['actual', 'room', 'comfi', 'servic', 'extrem', 'poor', 'internet', 'work', 'even', 'call', 'recept', 'fix', 'mani', 'time', 'answer', 'sorri', 'problem', 'wifi', 'room', 'solv', 'tonight', 'never', 'thought', 'stay', 'longer']"
Veranda Hotel Pakubuwono,Trip.com Member,,"['hotel', 'good', 'citi', 'jakarta', 'good', 'conveni', 'live', 'take', 'taxi', 'mani', 'busi', 'district', 'around', 'general', 'speak', 'quiet', 'place', 'good', 'place']"
Veranda Hotel Pakubuwono,Minjae KWON,5.0,"['love', 'room', 'bed', 'realli', 'comfort', 'ac', 'proper', 'activ', 'make', 'experi', 'enjoy', 'without', 'complain', 'servic', 'room', 'clean', 'realli', 'good', 'came', 'breakfast', 'return', 'room', 'good', 'new', 'locat', 'like', 'view', 'place', 'weather', 'alway', 'pretti', 'good', 'swim', 'overal', 'realli', 'good', 'place', 'stay', 'recommend']"
Veranda Hotel Pakubuwono,Omar Hj Ibrahim,5.0,"['one', 'best', 'boutiqu', 'hotel', 'jakarta', 'besid', 'accommod', 'locat', 'ambienc', 'servic', 'provid', 'excel', 'top', 'kudo', 'staff', 'alway', 'make', 'stay', 'realli', 'wonder', 'alway', 'feel', 'home', 'much', 'save', 'address', 'home', 'phone', 'place', 'whenev', 'jakarta', 'special', 'thank', 'compliment', 'ms', 'yanisa', 'kiki', 'safeti', 'small', 'privat', 'safe']"
Veranda Hotel Pakubuwono,Azira Umar,5.0,"['im', 'super', 'pleas', 'hotel', 'good', 'hotel', 'super', 'comfort', 'room', 'delici', 'breakfast', 'worth', 'money', 'spend', 'hotel', 'room', 'good', 'pillow', 'good', 'bed', 'food', 'drink', 'great', 'select', 'breakfast', 'buffet']"
Veranda Hotel Pakubuwono,Muhamad AmRi,4.0,"['overal', 'veranda', 'pretti', 'nice', 'hotel', 'locat', 'citi', 'center', 'jakarta', 'pricey', 'hotel', 'pretti', 'clean', 'neat', 'howev', 'shortag', 'key', 'card', 'henc', 'one', 'room', 'get', 'one', 'card', 'note', 'delux', 'spacious', 'say', 'budget', 'hotel', 'bit', 'better', 'servic', 'decor', 'select', 'grand', 'delux', 'type', 'spacious', 'hotel', 'room', 'overal', 'pretti', 'nice', 'stay', 'veranda', 'hotel', 'nearbi', 'activ', 'strateg', 'locat', 'budget', 'hotel']"
Veranda Hotel Pakubuwono,Sondang “Sera Sera” Siregar,5.0,"['nice', 'hotel', 'good', 'ambienc', 'good', 'staff', 'especi', 'ms', 'sarah', 'frm', 'gro', 'thank', 'much', 'hospit', 'nearbi', 'activ', 'close', 'mall', 'gandaria']"
Veranda Hotel Pakubuwono,Patcharawut Supakong,5.0,"['overal', 'good', 'room', 'clean', 'locat', 'near', 'gandaria', 'citi', 'mall', 'sad', 'minus', 'point', 'manag', 'wyl', 'kitchen', 'ask', 'us', 'pay', 'small', 'cup', 'hot', 'water', 'higher', 'price', 'bought', 'cup', 'noodl', 'even', 'though', 'big', 'money', 'see', 'poor', 'kind', 'servic', 'hotel', 'done', 'custom', 'book', 'room', 'hotel', 'room', 'night', 'except', 'issu', 'good']"
Veranda Hotel Pakubuwono,sipa alviana,5.0,"['recommend', 'veranda', 'hotel', 'extraordinari', 'happi', 'stay', 'servic', 'good', 'end', 'friend', 'place', 'also', 'clean', 'happi', 'concierg', 'shift', 'tonight', 'mr', 'muzi', 'mr', 'lana', 'thank']"
Veranda Hotel Pakubuwono,Trip.com Member,,"['overal', 'hotel', 'review', 'concern', 'resto', 'wyl', 'order', 'avocado', 'juic', 'avocado', 'coffe', 'serv', 'said', 'avo', 'juic', 'said', 'avo', 'juic', 'pure', 'avo', 'fruit', 'flavor', 'serv', 'color', 'pale', 'tast', 'like', 'avo', 'flavor', 'blend', 'cream', 'bad', 'take', 'pictur', 'side', 'ambianc', 'realli', 'nice']"
Veranda Hotel Pakubuwono,Meylisa LG,5.0,"['nice', 'stay', 'room', 'nice', 'spacious', 'food', 'good', 'need', 'soup', 'option', 'overal', 'nice']"
Veranda Hotel Pakubuwono,Lolya Wagmi Atindriya,5.0,"['everyth', 'good', 'food', 'nice', 'good', 'staff', 'friend', 'nice', 'especi', 'jessica', 'thank', 'much', 'hospit']"
Veranda Hotel Pakubuwono,K Y,5.0,"['pleasant', 'stay', 'veranda', 'afford', 'clean', 'room', 'relax', 'staff', 'help', 'attent', 'come', 'back']"
Veranda Hotel Pakubuwono,Alifa Dimanti,4.0,"['room', 'fine', 'clean', 'neat', 'ambienc', 'also', 'fine', 'stay', 'took', 'lot', 'time', 'order', 'room', 'servic', 'st', 'time', 'wait', 'minut', 'took', 'phone', 'order', 'food', 'second', 'time', 'hour', 'later', 'need', 'order', 'food', 'kid', 'didnt', 'even', 'pick', 'phone', 'tri', 'almost', 'mnts', 'back', 'gave', 'order', 'gojek', 'instead']"
Veranda Hotel Pakubuwono,Bharati Bhattacharya,5.0,"['nice', 'stay', 'check', 'hassl', 'free', 'staff', 'friend', 'good', 'servic', 'room', 'big', 'clean', 'clean', 'pool', 'oper', 'pm', 'overal', 'recommend']"
Veranda Hotel Pakubuwono,Takahiro Nishiwaki,5.0,"['nice', 'servic', 'hotel', 'total', 'satisfi', 'servic', 'provid', 'come', 'understand', 'co', 'worker', 'recommend', 'nearbi', 'activ', 'regrett', 'place', 'buy', 'groceri', 'would', 'nicer', 'conveni', 'store', 'nearbi', 'minimart', 'insid', 'venu']"
Veranda Hotel Pakubuwono,Aldy Rasyid,5.0,"['went', 'hotel', 'busi', 'meet', 'greet', 'warm', 'concierg', 'mr', 'kiki', 'lobbi', 'comfort', 'spacious', 'interest', 'stay', 'hotel', 'well', 'done', 'hotel', 'veranda']"
Goodrich Suites,Vincent T,2.0,"['bad', 'wifi', 'signal', 'use', 'mobil', 'data', 'even', 'reach', 'bed', 'rate', 'hotel', 'best', 'somehow', 'star', 'rate', 'hotel', 'decent', 'room', 'exud', 'air', 'luxuri', 'lack', 'refin', 'usual', 'begin', 'star', 'hotel', 'mediocr', 'food', 'poor', 'use', 'digit', 'media', 'lack', 'care', 'small', 'detail', 'room', 'accommod', 'foreign', 'travel', 'often', 'parti', 'friday', 'night', 'area', 'expect', 'bit', 'nois', 'outsid', 'lot', 'nois', 'downstair', 'room', 'start', 'pro', 'decent', 'room', 'spacious', 'great', 'bathroom', 'fanci', 'electron', 'toilet', 'seat', 'good', 'hot', 'water', 'lamin', 'wood', 'floor', 'cold', 'feet', 'con', 'signific', 'room', 'poor', 'soundproof', 'sound', 'easili', 'come', 'next', 'room', 'outsid', 'mani', 'local', 'power', 'outlet', 'poor', 'power', 'draw', 'offic', 'tabl', 'work', 'laptop', 'furthermor', 'aspect', 'room', 'look', 'well', 'worn', 'show', 'obvious', 'sign', 'wear', 'disturb', 'make', 'room', 'obscur', 'switch', 'food', 'drink', 'glorifi', 'warung', 'street', 'stall', 'food', 'soup', 'noodl', 'similar', 'instant', 'noodl', 'fish', 'chip', 'low', 'qualiti', 'batter', 'fish', 'sate', 'howev', 'quit', 'good', 'breakfast', 'area', 'one', 'point', 'reserv', 'push', 'guest', 'outsid', 'back', 'pass', 'smoker', 'peopl', 'swim', 'pool', 'soft', 'drink', 'overpr', 'noteworthi', 'detail', 'bad', 'wifi', 'signal', 'speed', 'good', 'connect', 'qualiti', 'bad', 'reach', 'much', 'room', 'use', 'mobil', 'data', 'time', 'use', 'digit', 'electron', 'poor', 'qr', 'room', 'dine', 'page', 'full', 'ad', 'even', 'tv', 'ad', 'use', 'low', 'qualiti', 'imag', 'hotel', 'also', 'often', 'cater', 'intern', 'guest', 'mani', 'know', 'accept', 'payment', 'foreign', 'credit', 'card', 'small', 'note', 'lobbi', 'area', 'perfum']"
Goodrich Suites,Tania Federica,1.0,"['mba', 'market', 'eventnya', 'ga', 'niat', 'ladenin', 'tamu', 'ga', 'profession', 'untung', 'team', 'resto', 'help', 'ramah', 'recommend', 'peopl', 'wan', 'na', 'arrang', 'event', 'still', 'market', 'hotel']"
Goodrich Suites,Prihadi Ramadhany,5.0,"['rd', 'time', 'stay', 'hotel', 'differ', 'room', 'layout', 'favorit', 'room', 'layout', 'room', 'number', 'end', 'e', 'g', 'etc', 'toilet', 'seat', 'heat', 'mani', 'function', 'button', 'locat', 'south', 'jakarta', 'kemang', 'simatupang', 'cipet', 'fatmawati', 'nearbi', 'nice', 'quit', 'hotel', 'except', 'friday', 'littl', 'bit', 'crowd', 'park', 'area', 'peopl', 'come', 'restaur', 'cafe', 'th', 'floor', 'room', 'servic', 'f', 'b', 'good', 'tri', 'gado', 'gado', 'oxtail', 'soup', 'soto', 'betawi', 'bfast', 'select', 'similar', 'hotel', 'bread', 'pastri', 'fresh', 'juic', 'western', 'indonesian', 'food', 'select', 'checkin', 'g', 'checkout', 'process', 'fast', 'back', 'sure']"
Goodrich Suites,tsakila dania,4.0,"['cheapest', 'best', 'valu', 'money', 'star', 'hotel', 'jakarta', 'breakfast', 'amaz', 'cheap', 'would', 'recommend', 'place', 'amaz', 'uniqu', 'interior', 'design', 'huge', 'room', 'bathtub', 'notic', 'someth', 'tho', 'lot', 'illeg', 'race', 'night', 'loud', 'small', 'pool', 'lot', 'dirti', 'small', 'detail', 'scratch', 'pretti', 'much', 'small', 'hotel', 'star', 'staff', 'friend', 'amaz', 'tho', 'well', 'minus', 'plus', 'person', 'toler', 'minus', 'would', 'say', 'star', 'hotel', 'instead', 'would', 'still', 'recommend', 'price', 'bath', 'tub', 'breakfast']"
Goodrich Suites,Pavan KAPOOR,5.0,"['attend', 'church', 'event', 'last', 'week', 'function', 'room', 'good', 'size', 'group', 'ambienc', 'hotel', 'lobbi', 'amaz']"
Goodrich Suites,Trip.com Member,,"['room', 'good', 'clean', 'place', 'strateg', 'give', 'star', 'facil', 'sinc', 'ac', 'hot', 'engin', 'fix', 'wifi', 'also', 'need', 'fix', 'make', 'faster', 'network', 'sorri', 'sinc', 'dont', 'provid', 'refriger', 'coolbar']"
Goodrich Suites,Jojo S,3.0,"['honest', 'disappoint', 'servic', 'worker', 'star', 'class', 'hotel', 'elit', 'area', 'name', 'kemang', 'enter', 'hotel', 'regist', 'via', 'whatsapp', 'ask', 'babi', 'bed', 'toddler', 'even', 'arriv', 'hotel', 'remind', 'even', 'call', 'time', 'ask', 'deliv', 'yet', 'even', 'brought', 'stuff', 'room', 'one', 'tool', 'carri', 'custom', 'stuff', 'room', 'serious', 'star', 'hotel', 'room', 'bathroom', 'quit', 'satisfi', 'big', 'quit', 'clean', 'breakfast', 'eat', 'morn', 'close', 'food', 'empti', 'cold', 'refil', 'hotel', 'stay', 'even', 'star', 'hotel', 'even', 'food', 'run', 'close', 'time', 'still', 'quit', 'far', 'alway', 'refil', 'quit', 'shock', 'tast', 'food', 'apart', 'dessert', 'honest', 'quit', 'disappoint', 'even', 'tabl', 'tissu', 'child', 'accident', 'spill', 'infus', 'water', 'babi', 'chair', 'full', 'water', 'ask', 'woman', 'clean', 'along', 'say', 'sorri', 'troubl', 'woman', 'guard', 'coffe', 'machin', 'idk', 'name', 'unfriend', 'face', 'look', 'nod', 'head', 'man', 'came', 'long', 'enough', 'clean', 'floor', 'inde', 'woman', 'quit', 'unfriend', 'custom', 'yes', 'greet', 'whatsoev', 'enter', 'breakfast', 'room', 'felt', 'wow', 'realli', 'bad', 'one', 'guard', 'front', 'ask', 'room', 'come', 'come', 'even', 'worker', 'run', 'custom', 'say', 'hello', 'pass', 'suggest', 'would', 'better', 'worker', 'retrain', 'sake', 'continu', 'hotel', 'husband', 'foreign', 'gave', 'opinion', 'hotel', 'actual', 'improv', 'mani', 'thing', 'never', 'found', 'star', 'hotel', 'servic', 'breakfast', 'like', 'park', 'area', 'also', 'limit', 'sorri', 'honest', 'review']"
Goodrich Suites,Jeffry Johannes,1.0,"['stay', 'multipl', 'time', 'wors', 'experi', 'got', 'trick', 'receptionist', 'name', 'dela', 'lack', 'coordin', 'breakfast', 'room', 'receptionist']"
Goodrich Suites,miranda warokka,5.0,"['went', 'workshop', 'seminar', 'know', 'room', 'love', 'pool']"
Goodrich Suites,felliks montolalu,5.0,"['comfi', 'place', 'near', 'lippo', 'mall', 'kemang', 'one', 'best', 'place', 'staycat', 'partner', 'famili', 'food', 'drink', 'food', 'staff', 'good']"
Goodrich Suites,cut emyra,4.0,"['hotel', 'locat', 'good', 'near', 'kemang', 'near', 'main', 'road', 'easili', 'access', 'room', 'also', 'big', 'bath', 'tub', 'also', 'avail', 'certain', 'type', 'room', 'also', 'avail', 'bar', 'rooftop', 'easili', 'hang', 'without', 'go', 'outsid', 'servic', 'restaur', 'quit', 'dissapoint', 'need', 'train', 'waiter']"
Goodrich Suites,Juan Wrik,5.0,"['best', 'hotel', 'noiseless', 'sleep', 'even', 'still', 'busi', 'south', 'jakarta', 'superb', 'clean', 'bathroom', 'due', 'intent', 'initia', 'staff', 'also', 'help', 'even', 'check']"
Goodrich Suites,Nadya Yolanda Moeda,3.0,"['check', 'tomorrow', 'last', 'hour', 'stay', 'speak', 'volum', 'overal', 'servic', 'hour', 'wait', 'two', 'bottl', 'drink', 'water', 'ridicul', 'food', 'excel', 'come', 'back', 'food']"
Goodrich Suites,Claire Bohrer,1.0,"['avoid', 'cost', 'never', 'ever', 'miser', 'experi', 'hotel', 'side', 'note', 'hotel', 'star', 'best', 'star', 'descript', 'laughabl', 'first', 'night', 'hotel', 'host', 'event', 'third', 'eight', 'floor', 'event', 'djs', 'loud', 'base', 'hotel', 'room', 'sound', 'proof', 'matter', 'floor', 'nois', 'carri', 'get', 'sleep', 'event', 'end', 'issu', 'includ', 'ratti', 'towel', 'stain', 'bathrob', 'hole', 'larg', 'enough', 'leg', 'fit', 'front', 'desk', 'attend', 'also', 'inattent', 'even', 'give', 'room', 'call', 'deliveri', 'find', 'singl', 'nice', 'thing', 'say']"
Goodrich Suites,Adhika Mafran,4.0,"['afford', 'price', 'star', 'hotel', 'room', 'roadway', 'nois', 'hear', 'car', 'horn', 'middl', 'night', 'like', 'room', 'soundproof', 'room', 'sofa', 'window', 'see', 'other', 'window', 'buffet', 'limit', 'choic', 'staff', 'pleasant', 'staff']"
Goodrich Suites,Rizki Ikhbar,5.0,"['nice', 'hotel', 'good', 'food', 'strateg', 'locat', 'antasari', 'near', 'kemang', 'goodrich', 'suit', 'artotel', 'inde', 'artsi', 'hotel', 'also', 'beauti', 'view', 'dusk', 'love', 'hotel', 'stay', 'belov', 'coupl', 'recommend', 'hotel', 'tri', 'thank', 'artotel']"
Goodrich Suites,Takeshi Kiri,5.0,"['fair', 'new', 'boutiqu', 'hotel', 'open', 'spacious', 'room', 'bathtub', 'everi', 'room', 'yes', 'water', 'filter', 'hip', 'th', 'floor', 'bar', 'call', 'roosevelt', 'room', 'well', 'manag', 'clean', 'modern', 'reasonbl', 'welcom', 'foreign', 'recommend', 'hotel', 'also', 'breakfast', 'buffet', 'compet', 'big', 'hotel', 'still', 'qyotw', 'decent', 'found', 'qualiti', 'quit', 'good']"
Goodrich Suites,Zizi Suherman,1.0,"['royal', 'suit', 'turn', 'expect', 'toilet', 'door', 'couldnt', 'proper', 'close', 'idea', 'water', 'suction', 'bathtub', 'spillag', 'go', 'pretti', 'much', 'flood', 'bathroom', 'floor', 'dont', 'get', 'differenti', 'hot', 'water', 'cold', 'water', 'coz', 'cold', 'day', 'situat', 'surpris', 'suit', 'even', 'approri', 'flaw']"
Goodrich Suites,Erly Tunriallu,4.0,"['read', 'recent', 'review', 'decid', 'request', 'thing', 'book', 'check', 'quit', 'room', 'front', 'toll', 'road', 'king', 'size', 'bed', 'non', 'smoke', 'floor', 'bar', 'restaur', 'got', 'quit', 'nice', 'room', 'thing', 'realli', 'need', 'improv', 'inform', 'mani', 'other', 'guest', 'pillow', 'must', 'chang', 'new', 'thin', 'sleep', 'clean', 'enough', 'towel', 'must', 'chang', 'new', 'must', 'laundri', 'bayclin', 'citric', 'acid', 'help', 'return', 'white', 'colour', 'brighter', 'give', 'soften', 'aircon', 'need', 'improv', 'cool', 'ask', 'engin', 'respond', 'fast', 'aircon', 'still', 'offer', 'chang', 'room', 'declin', 'sinc', 'stay', 'night', 'vitrass', 'broken', 'need', 'chang', 'replac', 'gordyn', 'need', 'wash', 'quit', 'dirti', 'water', 'washer', 'hot', 'cold', 'need', 'servic', 'maintain', 'well', 'good', 'valu', 'staff', 'nice', 'friend', 'welcom', 'fast', 'respons', 'sinc', 'secur', 'park', 'area', 'receptionist', 'lobbi', 'engin', 'staff', 'housekeep', 'waiter', 'restaur', 'nice', 'friend', 'spacious', 'room', 'bathroom', 'nice', 'view', 'kemang', 'mall', 'room', 'bedroom', 'bathroom', 'toilet', 'public', 'place', 'restaur', 'gym', 'clean', 'spotless', 'strateg', 'locat', 'near', 'toll', 'road', 'kemang', 'mall', 'restaur', 'around', 'kemang', 'hope', 'review', 'help', 'thank']"
Goodrich Suites,Cha,5.0,"['good', 'experi', 'stay', 'hotel', 'great', 'ambianc', 'import', 'great', 'locat', 'nearbi', 'activ', 'mall', 'nearbi', 'also', 'ton', 'food', 'buy', 'onlin']"
Goodrich Suites,Charista Lovapinka,5.0,"['super', 'nice', 'hotel', 'great', 'hospit', 'delic', 'breakfast', 'well', 'definit', 'come', 'back', 'hotel', 'staycat', 'pleas', 'keep', 'good', 'servic']"
Goodrich Suites,Barried Gharizah,1.0,"['stay', 'royal', 'suit', 'room', 'room', 'decent', 'howev', 'layout', 'total', 'differ', 'advertis', 'pictur', 'book', 'room', 'want', 'enjoy', 'bath', 'tub', 'window', 'get', 'understand', 'avail', 'limit', 'still', 'disappoint', 'book', 'anoth', 'issu', 'water', 'yellow', 'brown', 'definit', 'want', 'soak', 'bodi', 'water', 'complain', 'staff', 'told', 'us', 'keep', 'drain', 'water', 'clear', 'never', 'experienc', 'hotel', 'clean', 'water', 'tank', 'pipe', 'room', 'also', 'soundproof', 'night', 'kept', 'hear', 'music', 'club', 'downstair', 'even', 'nearbi', 'neighborhood', 'event', 'morn', 'offer', 'compens', 'free', 'breakfast', 'still', 'enjoy', 'stay']"
Goodrich Suites,Alicia Gracielle,2.0,"['room', 'servic', 'slow', 'use', 'qr', 'code', 'order', 'room', 'servic', 'seem', 'like', 'didnt', 'standbi', 'websit', 'order', 'chicken', 'corn', 'soup', 'food', 'came', 'ask', 'receptionist', 'relay', 'messag', 'housekeep', 'clean', 'room', 'im', 'go', 'came', 'back', 'room', 'wasnt', 'clean', 'yet', 'also', 'last', 'night', 'stay', 'secur', 'told', 'way', 'park', 'valet', 'caus', 'hotel', 'pack', 'morn', 'check', 'car', 'broken', 'couldnt', 'start', 'turn', 'left', 'car', 'didnt', 'turn', 'night', 'car', 'batteri', 'shame', 'room', 'ambienc', 'actual', 'nice']"
Goodrich Suites,Citra,5.0,"['night', 'like', 'concept', 'hotel', 'felt', 'warm', 'comfi', 'homey', 'also', 'walk', 'lobbi', 'realli', 'like', 'smell', 'smell', 'fanci', 'calm', 'came', 'ish', 'tri', 'check', 'abl', 'check', 'first', 'check', 'time', 'wait', 'lobbi', 'sudden', 'staff', 'call', 'tell', 'earli', 'check', 'head', 'room', 'gave', 'card', 'room', 'quit', 'spacious', 'cover', 'carpet', 'like', 'aircon', 'feel', 'cool', 'enough', 'even', 'tho', 'put', 'number', 'degre', 'like', 'composit', 'color', 'toilet', 'high', 'tech', 'seat', 'heat', 'like', 'toilet', 'japan', 'everyth', 'room', 'great', 'bfast', 'good', 'omelet', 'tast', 'fresh', 'idk', 'nasi', 'goreng', 'kampong', 'tasti', 'also', 'get', 'nd', 'plate', 'bfast', 'varieti', 'limit', 'star', 'hotel', 'expect', 'overal', 'tast', 'okay', 'also', 'expect', 'pool', 'great', 'sometim', 'get', 'shi', 'bcs', 'place', 'front', 'restaur']"
Goodrich Suites,Ray's mom,3.0,"['check', 'process', 'almost', 'minut', 'stand', 'front', 'recept', 'guest', 'time', 'look', 'like', 'busi', 'someth', 'behind', 'counter', 'pace', 'desk', 'process', 'check', 'total', 'unaccept', 'room', 'face', 'street', 'th', 'floor', 'soundproof', 'could', 'hear', 'everyth', 'street', 'sound', 'disturb', 'motorbik', 'speed', 'middl', 'night', 'loud', 'noisi', 'exhaust', 'pleas', 'someth', 'make', 'window', 'soundproof', 'mini', 'fridg', 'work', 'drink', 'insid', 'cold', 'bathroom', 'speechless', 'towel', 'qualiti', 'thin', 'dirti', 'white', 'color', 'towel', 'rather', 'star', 'hotel', 'towel', 'small', 'hand', 'face', 'towel', 'towel', 'poor', 'qualiti', 'torn', 'edg', 'suppos', 'star', 'hotel', 'right', 'breakfast', 'limit', 'varieti', 'good', 'thing', 'bathroom', 'marbl', 'separ', 'shower', 'nice', 'bathtub', 'wifi', 'good']"
Goodrich Suites,Marssel Pratama,3.0,"['pros', 'neat', 'spacious', 'room', 'bathtub', 'great', 'internet', 'con', 'cleanli', 'room', 'improv', 'bad', 'light', 'sleeper', 'locat', 'near', 'highway', 'hear', 'sound', 'traffic', 'sinc', 'room', 'soundproof', 'mani', 'variant', 'food', 'start', 'like', 'construct', 'pm', 'famili', 'sleep', 'even', 'call', 'front', 'desk', 'stop', 'construct']"
Goodrich Suites,Mike R,1.0,"['let', 'star', 'rate', 'fool', 'stay', 'star', 'hotel', 'jakarta', 'one', 'star', 'best', 'experi', 'rather', 'disappoint', 'nois', 'hotel', 'locat', 'right', 'next', 'highway', 'evid', 'use', 'illeg', 'bike', 'race', 'night', 'imagin', 'tri', 'get', 'sleep', 'rude', 'awaken', 'deafen', 'scream', 'heavili', 'modifi', 'underbon', 'bike', 'zoom', 'past', 'wee', 'hour', 'morn', 'soundproof', 'window', 'mean', 'hardpress', 'get', 'good', 'night', 'sleep', 'actual', 'manag', 'fall', 'asleep', 'dawn', 'prayer', 'call', 'nearbi', 'mosqu', 'loud', 'enough', 'wake', 'fit', 'furnitur', 'furnitur', 'mediocr', 'fit', 'dire', 'need', 'repair', 'thin', 'tini', 'pillow', 'king', 'size', 'bed', 'shower', 'temperatur', 'goe', 'freez', 'cold', 'scald', 'hot', 'back', 'cold', 'matter', 'set', 'light', 'extrem', 'dim', 'work', 'mini', 'fridg', 'room', 'work', 'replac', 'curtain', 'cigarett', 'burn', 'mark', 'smell', 'like', 'wash', 'month', 'closet', 'smell', 'like', 'wet', 'dog', 'reason', 'restaur', 'buffet', 'breakfast', 'buffet', 'pedestrian', 'limit', 'choic', 'second', 'day', 'told', 'serv', 'buffet', 'choos', 'asian', 'american', 'breakfast', 'american', 'breakfast', 'piec', 'cheap', 'bread', 'one', 'slice', 'beef', 'bacon', 'mushroom', 'half', 'tomato', 'quarter', 'slice', 'kraft', 'chees', 'fruit', 'staff', 'staff', 'pleasant', 'room', 'servic', 'quit', 'slow', 'call', 'time', 'get', 'bucket', 'ice', 'deliv', 'took', 'hour', 'overal', 'recommend', 'hotel', 'much', 'nicer', 'one', 'jakarta', 'price']"
Goodrich Suites,Dian Onno,1.0,"['book', 'ballroom', 'dinner', 'event', 'dissapoint', 'food', 'slow', 'servic', 'blame', 'waiter', 'think', 'freelanc', 'special', 'hire', 'event', 'put', 'blame', 'servic', 'qualiti', 'standard', 'food', 'terribl', 'rice', 'dri', 'paid', 'k', 'plate', 'mediocr', 'food', 'even', 'k', 'nasi', 'kotak', 'lunch', 'event', 'better', 'glass', 'serv', 'drink', 'station', 'guest', 'arriv', 'food', 'serv', 'yet', 'guest', 'actual', 'came', 'late', 'still', 'food', 'readi', 'unpleas', 'humili', 'experi', 'guest', 'book', 'reccomend', 'either', 'use', 'room', 'btw', 'comment', 'food', 'banquet', 'servic', 'still', 'believ', 'star', 'hotel']"
Goodrich Suites,Andreas Reyan,5.0,"['great', 'hotel', 'vacat', 'staycat', 'goodrich', 'offer', 'luxuri', 'room', 'reason', 'price', 'room', 'super', 'clean', 'bathroom', 'pleasant', 'bed', 'comfort', 'recommend', 'place', 'stay', 'famili', 'even', 'solo', 'travel']"
Goodrich Suites,Nicholas Kristian,1.0,"['noisi', 'sound', 'motorbik', 'race', 'midnight', 'morn', 'especi', 'weekend', 'suitabl', 'look', 'peac', 'rest', 'hotel']"
Hotel Gran Mahakam,Samuel Halim,5.0,"['love', 'small', 'luxuri', 'hotel', 'like', 'gran', 'mahakam', 'strateg', 'locat', 'surround', 'lot', 'food', 'drink', 'hang', 'place', 'organ', 'sever', 'event', 'found', 'help', 'friend', 'staff', 'insid', 'never', 'stay', 'room', 'tho', 'food', 'ok', 'coffe', 'great']"
Hotel Gran Mahakam,Mr T,5.0,"['stay', 'hotel', 'day', 'staff', 'friend', 'attend', 'need', 'book', 'room', 'th', 'floor', 'pretti', 'good', 'view', 'vicin', 'rooftop', 'swim', 'pool', 'also', 'calm', 'feel', 'morn', 'buffet', 'hotel', 'confid', 'say', 'one', 'best', 'eaten', 'far', 'would', 'recommend', 'hotel', 'everyon']"
Hotel Gran Mahakam,pendri anto,4.0,"['hadir', 'ke', 'hotel', 'ini', 'sebagai', 'partisipan', 'uk', 'indonesia', 'health', 'genom', 'forum', 'di', 'ruang', 'magnolia', 'overal', 'good', 'view', 'place', 'grate', 'attend', 'event', 'minor', 'suggest', 'hotel', 'manag', 'especi', 'meal', 'menus', 'offer', 'custmer', 'hope', 'hotel', 'manag', 'compli', 'regul', 'run', 'indonesia', 'especi', 'label', 'halal', 'non', 'halal', 'meal', 'uu', 'jph', 'moslem', 'custom', 'option', 'becom', 'moslem', 'friend', 'hotel']"
Hotel Gran Mahakam,Nadiah Ismahsari,5.0,"['classic', 'old', 'boutiqu', 'hotel', 'room', 'bit', 'smaller', 'super', 'comfort', 'breakfast', 'mani', 'choic', 'delici', 'excel', 'servic', 'hospit', 'ask', 'pleasant', 'stay']"
Hotel Gran Mahakam,Hafiz Hassan,5.0,"['hand', 'best', 'hotel', 'experienc', 'far', 'awesom', 'servic', 'friendliest', 'staff', 'definit', 'repeat', 'stay']"
Hotel Gran Mahakam,Gavin Young,5.0,"['hotel', 'gran', 'mahakam', 'must', 'stay', 'jakarta', 'time', 'book', 'time', 'check', 'locat', 'staff', 'amaz', 'book', 'gran', 'mahakam', 'suit', 'well', 'worth', 'everi', 'cent', 'pool', 'area', 'small', 'still', 'fantast', 'blok', 'shop', 'right', 'outsid', 'mrt', 'short', 'walk', 'take', 'need', 'go', 'overal', 'disappoint', 'decid', 'stay', 'hotel', 'gran', 'mahakam']"
Hotel Gran Mahakam,Muhammad Fauzi,5.0,"['recent', 'pleasur', 'stay', 'hotel', 'gran', 'mahakam', 'must', 'say', 'exceed', 'expect', 'everi', 'way', 'locat', 'prime', 'area', 'hotel', 'offer', 'uniqu', 'concept', 'combin', 'luxuri', 'conveni', 'culinari', 'adventur', 'one', 'let', 'start', 'concept', 'hotel', 'gran', 'mahakam', 'stand', 'hotel', 'area', 'due', 'distinct', 'design', 'ambianc', 'interior', 'decor', 'perfect', 'blend', 'contemporari', 'eleg', 'tradit', 'indonesian', 'element', 'creat', 'warm', 'welcom', 'atmospher', 'moment', 'enter', 'lobbi', 'greet', 'friend', 'staff', 'member', 'made', 'feel', 'right', 'home', 'one', 'standout', 'featur', 'hotel', 'strateg', 'locat', 'situat', 'vibrant', 'neighborhood', 'surround', 'numer', 'food', 'corner', 'offer', 'plethora', 'dine', 'option', 'step', 'away', 'whether', 'crave', 'local', 'delicaci', 'intern', 'cuisin', 'someth', 'find', 'within', 'short', 'walk', 'distanc', 'hotel', 'proxim', 'various', 'food', 'option', 'allow', 'guest', 'explor', 'indulg', 'vibrant', 'culinari', 'scene', 'citi', 'let', 'talk', 'dine', 'experi', 'hotel', 'restaur', 'resto', 'hotel', 'gran', 'mahakam', 'absolut', 'delight', 'food', 'enthusiast', 'menu', 'featur', 'impress', 'array', 'dish', 'cater', 'differ', 'tast', 'prefer', 'tradit', 'indonesian', 'favorit', 'intern', 'specialti', 'restaur', 'offer', 'divers', 'select', 'guarante', 'pleas', 'even', 'discern', 'palat', 'addit', 'delect', 'food', 'restaur', 'ambianc', 'delight', 'cozi', 'yet', 'eleg', 'set', 'provid', 'relax', 'atmospher', 'perfect', 'enjoy', 'meal', 'staff', 'member', 'attent', 'knowledg', 'readi', 'offer', 'recommend', 'ensur', 'dine', 'experi', 'except']"
Hotel Gran Mahakam,Kristalicia Rizki,5.0,"['meet', 'room', 'nice', 'clean', 'spacious', 'food', 'great', 'delici', 'strateg', 'place', 'staff', 'help']"
Hotel Gran Mahakam,SATYA IRCHAM ALAM,4.0,"['like', 'expect', 'star', 'hotel', 'nice', 'place', 'good', 'restaur', 'overal', 'nearbi', 'activ', 'near', 'blok', 'area']"
Hotel Gran Mahakam,Dinobread,5.0,"['staff', 'friend', 'locat', 'also', 'strateg', 'close', 'block', 'room', 'fanci', 'nice', 'everi', 'room', 'book', 'get', 'two', 'coupon', 'free', 'drink', 'go', 'exchang', 'bar', 'food', 'also', 'delici']"
Hotel Gran Mahakam,Nadia Malvina,5.0,"['hotel', 'realli', 'nice', 'afford', 'luxuri', 'staff', 'friend', 'also', 'good', 'food', 'thank', 'much']"
Hotel Gran Mahakam,Adhiatma Gumbira,4.0,"['loc', 'ok', 'motorcycl', 'prohibit', 'cross', 'lobbi', 'even', 'drope', 'guest', 'thank']"
Hotel Gran Mahakam,Alex Lee,4.0,"['nice', 'locat', 'care', 'huge', 'traffic', 'get', 'hotel']"
Hotel Gran Mahakam,Agus Hadijanto,3.0,"['quick', 'servic', 'ask', 'addit', 'miner', 'drink', 'water', 'room', 'brought', 'quick', 'ceil', 'room', 'low', 'dim', 'sum', 'breakfast', 'appear', 'long']"
Hotel Gran Mahakam,Trip.com Member,,"['one', 'best', 'boutiqu', 'hotel', 'stay', 'jakarta', 'wife', 'stay', 'almost', 'day', 'enjoy', 'daili', 'breakfast', 'buffet', 'much', 'tast', 'like', 'home', 'cook', 'locat', 'also', 'conveni', 'even', 'side', 'street', 'come', 'aliv', 'mani', 'local', 'street', 'food', 'vendor', 'servic', 'recept', 'concierg', 'warm', 'welcom']"
Hotel Gran Mahakam,Harry N.P. Danardojo,4.0,"['clean', 'hotel', 'hous', 'staff', 'good', 'food', 'good', 'internet', 'park', 'sometim', 'challeng']"
Hotel Gran Mahakam,Trip.com Member,,"['everytim', 'visit', 'jakarta', 'gran', 'mahakam', 'hotel', 'prefer', 'choic', 'consit', 'good', 'servic', 'attent', 'staff', 'clean', 'good', 'authent', 'local', 'breakfast', 'chang', 'everyday']"
Hotel Gran Mahakam,Sita Sotelo,5.0,"['nice', 'room', 'friend', 'staff', 'delici', 'buffet', 'yum', 'yum']"
Hotel Gran Mahakam,Umesh Pai,5.0,"['except', 'servic', 'hotel', 'manag', 'staff', 'land', 'hotel', 'long', 'trip', 'told', 'upgrad', 'next', 'level', 'take', 'everi', 'effort', 'servic', 'guest', 'entertain', 'high', 'recommend', 'stay', 'hotel', 'solo', 'famili', 'great', 'room', 'comfort', 'bed', 'food', 'amen']"
Hotel Gran Mahakam,Aloysius Purwa,5.0,"['old', 'well', 'kept', 'citi', 'hotel', 'goid', 'stay', 'busi', 'south', 'part', 'jakarta']"
Hotel Gran Mahakam,Swathi,5.0,"['stay', 'combin', 'quarantin', 'normal', 'stay', 'easili', 'best', 'quarantin', 'food', 'far', 'delight', 'dessert', 'includ', 'hotel', 'fulli', 'open', 'due', 'covid', 'closur', 'spa', 'limit', 'pool', 'servic', 'howev', 'everyth', 'els', 'delight', 'staff', 'servic', 'amaz', 'assist', 'swift', 'matter', 'food', 'restaur', 'delici', 'guest', 'breakfast', 'option', 'even', 'complimentari', 'room', 'breakfast']"
Hotel Gran Mahakam,Robert Gow,4.0,"['old', 'boutiqu', 'hotel', 'well', 'maintain', 'recept', 'concierg', 'restaur', 'housekeep', 'secur', 'staff', 'polit', 'help', 'room', 'amen', 'complet', 'stay', 'standard', 'room', 'later', 'upgrad', 'delux', 'suit', 'found', 'bed', 'comfort', 'insuffici', 'number', 'power', 'outlet', 'accommod', 'laptop', 'charger', 'tablet', 'phone', 'purchas', 'cabl', 'extens', 'block', 'mall', 'conveni', 'locat', 'meter', 'hotel', 'high', 'recommend', 'gran', 'mahakam', 'hotel', 'busi', 'famili', 'travel']"
Hotel Gran Mahakam,Christian Leonard Lukito,5.0,"['went', 'wed', 'food', 'superb']"
Hotel Gran Mahakam,Oggi Gunadi,5.0,"['outstand', 'servic', 'first', 'sight', 'first', 'impress', 'made', 'secur', 'valet', 'bell', 'boy', 'greet', 'us', 'assist', 'luggag', 'door', 'girl', 'greet', 'escort', 'recept', 'staff', 'profession', 'manner', 'smile', 'assist', 'found', 'room', 'well', 'maintain', 'sanit', 'label', 'place', 'creat', 'comfort', 'stay']"
Hotel Gran Mahakam,Trip.com Member,,"['gran', 'mahakam', 'prefer', 'hotel', 'everytim', 'come', 'jakarta', 'visit', 'law', 'consist', 'good', 'friend', 'servic', 'yummi', 'local', 'breakfast', 'alway', 'feel', 'like', 'home', 'stay', 'hotel']"
Hotel Gran Mahakam,Fifi Muliadi,5.0,"['work', 'frequent', 'visit', 'hotel', 'meet', 'lunch', 'dinner', 'alway', 'like', 'special', 'boutiqu', 'hotel', 'wed', 'recept', 'well', 'handl', 'hadi', 'praja', 'everyth', 'point', 'fantast', 'check', 'wed', 'recept', 'check', 'guest', 'prais', 'good', 'food', 'great', 'valet', 'servic', 'complaint', 'access', 'hotel', 'saturday', 'night', 'heavi', 'traffic', 'thank', 'gran', 'mahakam']"
Hotel Gran Mahakam,Tummy Mate,4.0,"['night', 'stay', 'junior', 'suit', 'use', 'voucher', 'tada', 'comfort', 'satisfi', 'room', 'breakfast', 'realli', 'good', 'tast', 'realli', 'much', 'choic', 'star', 'hotel', 'overal', 'experi', 'stay', 'gran', 'mahakam', 'good', 'especi', 'super', 'hospit', 'help', 'staff', 'hotel', 'type', 'classic', 'modern', 'eleg', 'room', 'good', 'well', 'mainten', 'breakfast', 'dish', 'delici', 'facil', 'pool', 'sauna', 'realli', 'big', 'use', 'clean', 'staff', 'welcom', 'help', 'locat', 'near', 'mall', 'blok', 'plaza', 'taman', 'mahakam', 'mrt', 'station', 'lot', 'street', 'food', 'around', 'hotel', 'suggest', 'would', 'say', 'hotel', 'perfect', 'choic', 'busi', 'trip', 'work', 'gather', 'note', 'book', 'room', 'week', 'arriv', 'check', 'pm', 'room', 'readi', 'yet', 'need', 'wait', 'almost', 'hour', 'go', 'room', 'get', 'late', 'check', 'pm']"
Hotel Gran Mahakam,Nayana Khalil Paniskara,5.0,"['thank', 'provid', 'sweele', 'event', 'day', 'compliment', 'mr', 'amir', 'mr', 'aldi', 'receptionist', 'team', 'banquet', 'team', 'restaur', 'team', 'secur', 'thank', 'warm', 'hospit', 'alway', 'listen', 'need', 'regard', 'sweele', 'musika', 'jakarta']"
Hotel Gran Mahakam,Gendisa Giyanto,5.0,"['speechless', 'hotel', 'remain', 'beauti', 'first', 'time', 'stay', 'mani', 'year', 'ago', 'well', 'done', 'cozi', 'clean', 'typic', 'gorgeous', 'boutiqu', 'hotel', 'u', 'miss', 'nearbi', 'activ', 'million', 'renown', 'great', 'culinari', 'jakarta', 'stone', 'throw', 'away', 'hotel']"
Hotel Gran Mahakam,Monica Marla,5.0,"['good', 'place', 'servic', 'beauti', 'moment']"
