Mall_name,name,rating,review
Blok M Square,Lav,5.0,"['spent', 'almost', 'entir', 'day', 'wander', 'differ', 'level', 'place', 'sight', 'mani', 'tailor', 'amaz', 'peopl', 'quit', 'friend', 'got', 'lost', 'need', 'ask', 'direct', 'tip', 'restroom', 'complet', 'eastern', 'carri', 'toilet', 'paper']"
Blok M Square,Jeremy Mseitif,3.0,"['nice', 'mall', 'old', 'shop', 'surround', 'import', 'top', 'floor', 'masjid', 'al', 'latif', 'also', 'masjid', 'nurul', 'iman', 'kabah', 'replica', 'th', 'floor', 'food', 'court', 'area', 'bottom', 'larg']"
Blok M Square,Agnes Szegedi,5.0,"['want', 'full', 'indonesian', 'experi', 'visit', 'friday', 'night', 'get', 'disappoint', 'busi', 'noisi', 'smelli', 'indonesia']"
Blok M Square,La Umang,4.0,"['mall', 'fine', 'find', 'cloth', 'food', 'food', 'court', 'basement', 'thr', 'mall', 'unfortun', 'direct', 'access', 'mrt', 'station', 'need', 'walk', 'bad', 'pedestrian', 'area', 'buta', 'still', 'near', 'station']"
Blok M Square,Dimas Jayasrana,4.0,"['place', 'want', 'sum', 'jakarta', 'youngster', 'hype', 'sever', 'food', 'beverag', 'tenant', 'various', 'qualiti', 'ok', 'good', 'noth', 'remark', 'yet', 'well', 'fair', 'tenant', 'provid', 'coffe', 'good', 'special', 'place', 'event', 'venu', 'basic', 'creativ', 'event', 'activ', 'held', 'bloc', 'space', 'music', 'various', 'genr', 'film', 'game', 'danc', 'come', 'need', 'stimul', 'creativ']"
Blok M Square,Andre Gemalasatria Lolong,4.0,"['b', 'level', 'find', 'mani', 'use', 'book', 'comic', 'magazin', 'literatur', 'vintag', 'collector', 'love', 'use', 'cassett', 'cds', 'shop']"
Blok M Square,Khansanaila,4.0,"['went', 'book', 'thrift', 'most', 'book', 'good', 'care', 'caus', 'book', 'illeg', 'copi', 'special', 'novel', 'good', 'look', 'comic', 'histori', 'book', 'negoti', 'seller', 'lower', 'price', 'foodcourt', 'kind', 'food', 'festiv', 'good', 'recommend', 'corndog', 'also', 'sandwich', 'ice', 'cream', 'worth', 'price']"
Blok M Square,Stephanie Zhang,5.0,"['shop', 'area', 'wide', 'select', 'econom', 'cloth', 'street', 'food', 'well', 'mani', 'japanes', 'restaur', 'recent', 'asian', 'cuisin', 'carniv', 'held']"
Blok M Square,Bryan R,5.0,"['mall', 'surround', 'mani', 'restaur', 'especi', 'japanes', 'restaur', 'insid', 'mall', 'find', 'second', 'book', 'store', 'lower', 'ground', 'mall', 'most', 'cheap', 'brand', 'local', 'brand', 'lower', 'price', 'big', 'mall', 'jakarta', 'park', 'area', 'normal', 'event', 'depend', 'month']"
Blok M Square,Tirta Yansen,4.0,"['old', 'build', 'around', 'mani', 'year', 'still', 'find', 'pretti', 'much', 'find', 'anyth', 'want', 'fair', 'cheap', 'price', 'even', 'find', 'old', 'origin', 'vintag', 'music', 'cd', 'book', 'etc', 'lot', 'restaur', 'cafe', 'near', 'build', 'alway', 'crowd', 'south', 'jakarta', 'youngster']"
Blok M Square,Jay Ann,4.0,"['knew', 'basement', 'lot', 'nd', 'hand', 'book', 'good', 'select', 'still', 'good', 'condit']"
Blok M Square,mahesh k,5.0,"['good', 'place', 'shop', 'reason', 'rate']"
Blok M Square,edsus edsus,4.0,"['nice', 'mall', 'tenant', 'vendor', 'quiet', 'complet', 'daili', 'advanc', 'need', 'big', 'mosqu', 'top', 'floor', 'park', 'area', 'larg', 'avail', 'build', 'open', 'space', 'around', 'mall']"
Blok M Square,sfn home,3.0,"['nice', 'kid', 'playground', 'insid', 'mall', 'cloth', 'differ', 'budget', 'tast', 'build', 'need', 'mainten', 'lightn']"
Blok M Square,Yopi Emzita,3.0,"['moder', 'shop', 'mall', 'reason', 'price', 'regular', 'organ', 'event', 'n', 'bazar', 'themat', 'product', 'food', 'baverag', 'recent', 'event', 'novemb', 'minang', 'cultur', 'food', 'festiv', 'held', 'weekend', 'delici', 'food', 'drink', 'dessert', 'west', 'sumatra', 'serv', 'music', 'danc', 'tradit', 'instrument', 'perform', 'huge', 'crow', 'well', 'inform', 'social', 'med', 'big', 'success', 'well', 'done', 'organ']"
Blok M Square,Hawaii Bule,5.0,"['find', 'look', 'look', 'hard', 'enough', 'haha', 'place', 'huge', 'basement', 'mani', 'textil', 'tailor', 'got', 'lost', 'mani', 'time', 'well', 'worth', 'mani', 'thing', 'see', 'inexpens', 'food', 'outsid', 'definit', 'worth', 'get', 'jakarta', 'jam']"
Blok M Square,Mick C,3.0,"['old', 'fashion', 'mall', 'local', 'brand', 'name', 'knock', 'food', 'court', 'pretti', 'basic', 'still', 'cheap', 'delici', 'order', 'dim', 'sum']"
Blok M Square,Rodrigo Gallego,4.0,"['local', 'shop', 'mall', 'frequent', 'jakarta', 'resid', 'find', 'varieti', 'thing', 'rang', 'cloth', 'handbag', 'jewelri', 'also', 'cloth', 'made', 'item', 'sewn', 'lower', 'floor', 'reason', 'cost']"
Blok M Square,Ratri Ismayasti,5.0,"['go', 'basement', 'floor', 'find', 'plenti', 'amaz', 'prelov', 'book', 'store', 'children', 'book', 'novel', 'idr', 'littl', 'heaven', 'like', 'read', 'much', 'son', 'prelov', 'cassett', 'cd', 'ld', 'even', 'oldschool', 'player', 'also', 'avail']"
Blok M Square,rizcy hp,4.0,"['place', 'strateg', 'nice', 'bring', 'famili', 'mani', 'kind', 'street', 'food', 'front', 'mall', 'bookstor', 'sim', 'corner', 'gerai', 'samsat', 'basement', 'good', 'thing', 'mall', 'mosqu', 'rooftop', 'visitor', 'pray', 'comfort']"
Blok M Square,Ahmad Suhaimi,4.0,"['blok', 'area', 'culinari', 'center', 'jakarta', 'resid', 'one', 'famous', 'culinari', 'delight', 'area', 'gultik', 'aka', 'bend', 'curri', 'place', 'least', 'famous', 'blok', 'gultik', 'worth', 'tast', 'three', 'gultik', 'place', 'alway', 'crowd', 'visitor', 'everi', 'day']"
Blok M Square,Restu Puji Lestari,5.0,"['one', 'mall', 'blok', 'kinda', 'old', 'nice', 'big', 'masjid', 'rooftop', 'culinari', 'food', 'night', 'front', 'fave', 'hotel', 'mrt', 'station', 'near']"
Blok M Square,Ayunda Rahmani Khoirunnissa,3.0,"['shop', 'mall', 'basic', 'could', 'find', 'authent', 'tradit', 'food', 'branch', 'anoth', 'citi', 'food', 'court']"
Blok M Square,deepak kumar,3.0,"['good', 'local', 'cloth', 'shop', 'well', 'known', 'vintag', 'audio', 'system', 'buy', 'use', 'vintag', 'lp', 'turntabl', 'etc', 'great', 'place']"
Blok M Square,Kris Trimoeljo,5.0,"['jakarta', 'resid', 'consid', 'visit', 'xag', 'auto', 'look', 'use', 'car', 'buy', 'car', 'big', 'expens', 'want', 'make', 'sure', 'make', 'wrong', 'choic', 'auto', 'shop', 'run', 'trustworthi', 'passion', 'peopl', 'realli', 'like', 'car', 'locat', 'blok', 'squar', 'park']"
Blok M Square,Berda Drata,5.0,"['quit', 'maze', 'pack', 'merchant', 'sell', 'kind', 'cloth', 'luxuri', 'mosqu', 'top', 'level', 'mall']"
Blok M Square,Geowana Yuka,4.0,"['old', 'style', 'busi', 'district', 'south', 'jakarta', 'find', 'mani', 'good', 'food', 'hangout', 'place', 'also', 'call', 'littl', 'tokyo', 'mani', 'japanes', 'resto', 'spa', 'around']"
Blok M Square,Martin Djamin,5.0,"['blok', 'mall', 'south', 'jakarta', 'howev', 'extend', 'drive', 'permit', 'stnk', 'gerai', 'samsat', 'locat', 'floor', 'blok', 'squar']"
Blok M Square,Pangihutan Marpaung,4.0,"['love', 'enjoy', 'ataknes', 'food', 'basement', 'althougt', 'place', 'rather', 'crowd', 'lunch', 'time']"
Blok M Square,adiputra singgih,3.0,"['food', 'food', 'court', 'basement', 'great', 'expect', 'clean', 'area', 'expect', 'clean', 'typic', 'singaporean', 'food', 'court', 'second', 'hand', 'book', 'market', 'also', 'second', 'hand', 'music', 'market', 'also', 'great', 'place', 'treasur', 'hunt', 'although', 'record', 'quit', 'expens']"
Pacific Place Mall,alexander hartawan,5.0,"['still', 'favorit', 'place', 'hangout', 'whenev', 'close', 'scbd', 'area', 'easi', 'find', 'taxi', 'grab', 'car', 'mani', 'food', 'choos', 'shop', 'store', 'upper', 'class', 'vibe', 'ship', 'statu', 'area', 'nice', 'photo', 'meet', 'point']"
Pacific Place Mall,Dian Christian,5.0,"['mall', 'place', 'offic', 'distric', 'scbd', 'area', 'easili', 'find', 'googl', 'map', 'cozi', 'place', 'mani', 'food', 'court', 'event', 'one', 'part', 'pasif', 'place', 'mall', 'event', 'held', 'amcharm', 'th', 'career', 'fair', 'place', 'quit', 'small', 'good', 'enough', 'event', 'provid', 'mock', 'interview', 'space', 'share', 'space', 'compani', 'booth', 'present', 'compani', 'brand']"
Pacific Place Mall,Stephanie Zhang,5.0,"['first', 'time', 'went', 'pacif', 'place', 'mall', 'feb', 'photo', 'taken', 'time', 'expect', 'would', 'assign', 'south', 'jakarta', 'work', 'everi', 'weekday', 'would', 'pass', 'mall', 'mall', 'provid', 'wide', 'rang', 'brand', 'product', 'supermarket', 'also', 'provid', 'import', 'good', 'sometim', 'colleagu', 'go', 'canteen', 'pacif', 'place', 'mall', 'lunch']"
Pacific Place Mall,Yi Ling,4.0,"['came', 'explor', 'around', 'tourist', 'much', 'high', 'end', 'shop', 'mall', 'brand', 'good', 'wide', 'array', 'dine', 'option', 'love', 'architectur', 'build', 'taper', 'upward', 'cater', 'interest', 'age', 'group', 'even', 'kidzania', 'movi', 'theatr', 'lot', 'cafe', 'dine', 'shop', 'play']"
Pacific Place Mall,rasanka rp,4.0,"['one', 'best', 'shop', 'mall', 'jakarta', 'area', 'recommend', 'meal', 'shop', 'sinc', 'realli', 'good', 'restaur', 'price', 'bit', 'higher', 'averag', 'also', 'sinc', 'closer', 'offic', 'restaur', 'get', 'crowd', 'hous', 'quick', 'suggest', 'reach', 'earli', 'reserv', 'place', 'bit', 'earli', 'usual', 'lunch', 'time']"
Pacific Place Mall,lc wang,4.0,"['high', 'end', 'six', 'storey', 'shop', 'mall', 'strateg', 'locat', 'next', 'apart', 'build', 'n', 'hotel', 'shop', 'luxuri', 'brand', 'good', 'n', 'exquisit', 'product', 'lafayett', 'dine', 'various', 'restaur', 'sip', 'coffe', 'tea', 'exercis', 'gym', 'bring', 'kid', 'kidzania', 'groceri', 'shop', 'watch', 'movi', 'cgv', 'mayb', 'mall', 'boat', 'insid', 'top', 'real', 'water', 'kinda', 'nice', 'dine', 'n', 'listen', 'sound', 'water', 'time', 'quit', 'therapeut', 'realli', 'especi', 'crowd', 'giant', 'promot', 'board', 'height', 'around', 'five', 'floor', 'middl', 'atrium', 'cool']"
Pacific Place Mall,Enjoy Ethiopian,4.0,"['still', 'favorit', 'place', 'hangout', 'whenev', 'close', 'scbd', 'area', 'easi', 'find', 'taxi', 'grab', 'car', 'mani', 'food', 'choos', 'shop', 'store', 'upper', 'class', 'vibe', 'ship', 'statu', 'area', 'nice', 'photo', 'meet', 'point']"
Pacific Place Mall,Stephen Conquer Divine Force / SCDF,5.0,"['come', 'thousand', 'time', 'went', 'insid', 'store', 'bought', 'mani', 'cool', 'thing', 'avail', 'mall', 'ate', 'restaur', 'watch', 'movi', 'blit', 'megaplex', 'cgv', 'like', 'second', 'home', 'sinc', 'kid']"
Pacific Place Mall,Tia Das,4.0,"['mall', 'close', 'time', 'pm', 'sharp', 'luxuri', 'mall', 'high', 'end', 'brand', 'love', 'shop', 'experi', 'washroom', 'well', 'maintain']"
Pacific Place Mall,Clarissa Iero (Claire),5.0,"['nice', 'clean', 'exclus', 'shop', 'mall', 'find', 'pretti', 'much', 'anyth', 'fanci', 'love']"
Pacific Place Mall,Jeremy Mseitif,5.0,"['high', 'class', 'mall', 'clean', 'chick']"
Pacific Place Mall,R F,5.0,"['st', 'time', 'invit', 'bos', 'mall', 'good', 'beauti', 'view', 'design', 'miniatur', 'ship', 'insid', 'mani', 'educ', 'game', 'kidzania', 'food', 'option', 'restaur']"
Pacific Place Mall,Sky Stalker,5.0,"['went', 'friend', 'mall', 'full', 'pack', 'luxuri', 'intern', 'brand', 'need', 'deep', 'pocket', 'definit', 'perfect', 'hangout', 'yes', 'carri', 'belov', 'impress', 'buy', 'luxuri', 'brand']"
Pacific Place Mall,Chef Vindex Tengker,5.0,"['realli', 'star', 'experi', 'room', 'larg', 'clean', 'comfort', 'bed', 'great', 'amen', 'good', 'qualiti', 'variat', 'food', 'beverag', 'also', 'locat', 'mall', 'pacif', 'place', 'good', 'shop', 'dine', 'perfect', 'prime', 'locat', 'central', 'district', 'jakarta']"
Pacific Place Mall,Emile Ruig,5.0,"['nice', 'clean', 'mall', 'realli', 'huge', 'actual', 'never', 'knew', 'big', 'insid', 'mani', 'nice', 'food', 'place', 'good', 'varieti', 'shop', 'also', 'easi', 'reach', 'mani', 'taxi', 'avail', 'leav', 'easili', 'spend', 'hour', 'mall', 'also', 'child', 'friend', 'top', 'floor', 'especi']"
Pacific Place Mall,Pramuaji Pramono,4.0,"['one', 'sever', 'high', 'class', 'mall', 'jakarta', 'neat', 'locat', 'heart', 'semanggi', 'central', 'busi', 'district', 'reachabl', 'public', 'transport', 'istora', 'mandiri', 'mrt', 'station', 'polda', 'metro', 'jaya', 'transjakarta', 'shelter', 'build', 'park', 'motorcycl', 'local', 'bookstor', 'book', 'beyond', 'peopl', 'junk', 'food', 'joint', 'wendi', 'closest', 'one', 'musholla', 'clean', 'comfort', 'big', 'space', 'fit', 'mani', 'peopl']"
Pacific Place Mall,Jeanny Wati,5.0,"['one', 'prestigi', 'mall', 'jakarta', 'mani', 'brand', 'tenant', 'lamborghini', 'lv', 'prada', 'miu', 'miu', 'rolex', 'mani', 'high', 'class', 'place', 'big', 'clean', 'park', 'lot', 'spacious', 'near', 'hard', 'rock', 'cafe', 'ritz', 'carlton', 'crowd', 'weekend']"
Pacific Place Mall,ENDAH,5.0,"['first', 'time', 'go', 'mall', 'refresh', 'besti', 'metropolitan', 'peopl', 'one', 'day', 'mall', 'differ', 'anoth', 'mall', 'mani', 'object', 'spot', 'photo', 'luxuri']"
Pacific Place Mall,Paul Renon,1.0,"['probabl', 'wors', 'park', 'space', 'close', 'lower', 'space', 'without', 'clear', 'reason', 'go', 'around', 'around', 'look', 'spot', 'less', 'wide', 'car', 'mind', 'blow', 'actual', 'pay', 'space', 'premium', 'mall', 'guess', 'spend', 'per', 'hour', 'self', 'park', 'valet', 'spot']"
Pacific Place Mall,Erniyati Fun,5.0,"['nice', 'upscal', 'mall', 'find', 'high', 'end', 'brand', 'love', 'perfect', 'shop', 'paradis', 'jakarta', 'typic', 'busi', 'week', 'day', 'also', 'crowd', 'weekend', 'public', 'holiday', 'small', 'social', 'experi', 'came', 'dress', 'nice', 'shoe', 'design', 'bag', 'sale', 'person', 'friend', 'approach', 'offer', 'product', 'came', 'short', 'sneaker', 'one', 'even', 'notic', 'next', 'time', 'visit', 'mall', 'pleas', 'expect', 'peopl', 'look', 'way', 'look', 'sure', 'littl', 'judg', 'much', 'money', 'simpli', 'appear', 'sound', 'mean', 'busi', 'fact', 'find', 'anyth', 'cheap', 'even', 'simpl', 'cosmet', 'stand', 'cost', 'around', 'idr', 'million', 'small', 'cup', 'face', 'lotion', 'food', 'restaur', 'averag', 'price', 'like', 'mani', 'mall', 'jakarta']"
Pacific Place Mall,Teguh haryanto,5.0,"['mall', 'nya', 'oke', 'juga', 'barang', 'barang', 'nya', 'brand', 'dan', 'highend', 'toilet', 'baik', 'sekali', 'parkiran', 'lua', 'di', 'basement', 'translat', 'googl', 'good', 'mall', 'good', 'brand', 'high', 'end', 'facil', 'function', 'well', 'enter', 'mall', 'secur', 'check', 'light', 'good', 'clean', 'toilet', 'good', 'larg', 'park', 'area', 'basement']"
Pacific Place Mall,Gaius Leong,4.0,"['decent', 'mall', 'multipl', 'entranc', 'get', 'littl', 'confus', 'shop', 'open', 'around', 'general', 'come', 'earli', 'even', 'cafe', 'despit', 'open', 'still', 'much', 'mental', 'asleep', 'price', 'cheaper', 'singapor']"
Pacific Place Mall,Ezra Natalyn,4.0,"['quiet', 'good', 'place', 'provid', 'high', 'brand', 'insid', 'mani', 'restaur']"
Pacific Place Mall,Abbott Hsu,5.0,"['one', 'luxuri', 'mall', 'jakarta', 'hot', 'crowd', 'weekday', 'sinc', 'peopl', 'work', 'around', 'scbd', 'go', 'lunch', 'busi', 'purpos', 'contrari', 'good', 'peopl', 'go', 'shop', 'sinc', 'quiet', 'weekend', 'kidzana', 'cgv', 'cinemax', 'attract', 'weekend', 'holiday', 'honest', 'space', 'realli', 'big', 'relax', 'fanci', 'foot', 'court', 'anoth', 'landscap', 'insid', 'photo', 'shoot', 'appeal', 'peopl', 'time', 'good', 'place', 'hangout', 'weekend', 'holiday', 'come', 'enjoy']"
Pacific Place Mall,Krisanto Purnawan,5.0,"['prestigi', 'mall', 'south', 'jakarta', 'find', 'brand', 'store', 'fine', 'dine', 'restaur', 'food', 'court', 'also', 'mention', 'cinema', 'park', 'space', 'motorcycl', 'must', 'park', 'bit', 'far', 'mall', 'bad']"
Pacific Place Mall,Sayed Sajjad,5.0,"['one', 'best', 'mall', 'jakarta', 'find', 'mani', 'luxuri', 'brand', 'like', 'loui', 'vuitton', 'rolex', 'lamborghini', 'bulgari', 'twg', 'floor', 'floor', 'ground', 'great', 'place', 'shop', 'tea', 'coffe']"
Pacific Place Mall,uzwaa,5.0,"['one', 'high', 'end', 'shop', 'mall', 'jakarta', 'lot', 'luxuri', 'tenant', 'brand', 'good', 'great', 'restaur', 'insid', 'dine', 'good', 'ambienc', 'stroll', 'around', 'weekend']"
Pacific Place Mall,Anggi Arnofia,5.0,"['nice', 'mall', 'come', 'month', 'shop', 'place', 'clean', 'smell', 'good', 'love', 'mall', 'much']"
Pacific Place Mall,Saoud Al Shamsi,4.0,"['good', 'shop', 'mall', 'connect', 'ritz', 'carlton', 'good', 'food', 'option', 'floor', 'map', 'inform', 'shop', 'visibl', 'custom', 'internet', 'connect', 'bad', 'mall']"
Pacific Place Mall,Te Ir,5.0,"['one', 'best', 'shop', 'malz', 'premium', 'shop', 'center', 'econom', 'center', 'scbd', 'citi', 'jakarta', 'outlet', 'luxuri', 'automot', 'fashion', 'culinari', 'brand', 'famous', 'indonesia', 'also', 'children', 'playground', 'cinema', 'luxuri', 'impress', 'seen', 'secur', 'enter', 'mall', 'lobbi', 'ground', 'never', 'empti', 'various', 'event', 'execut', 'mushola', 'locat', 'nd', 'floor', 'bless']"
Pondok Indah Mall 1,Alfie Jay,5.0,"['pondok', 'indah', 'mall', 'indonesia', 'stand', 'distinguish', 'shop', 'destin', 'harmon', 'upscal', 'retail', 'comprehens', 'select', 'everyday', 'commod', 'architectur', 'finess', 'mall', 'accommod', 'array', 'high', 'end', 'fashion', 'boutiqu', 'divers', 'dine', 'establish', 'spatial', 'design', 'contribut', 'comfort', 'refin', 'shop', 'atmospher', 'mall', 'cater', 'broad', 'spectrum', 'prefer', 'offer', 'renown', 'intern', 'brand', 'indigen', 'product', 'beyond', 'retail', 'pondok', 'indah', 'mall', 'serv', 'social', 'nucleus', 'foster', 'vibrant', 'ambianc', 'enrich', 'entertain', 'option', 'divers', 'array', 'cafe', 'restaur', 'emerg', 'compel', 'attract', 'local', 'visitor', 'seek', 'comprehens', 'sophist', 'shop', 'experi']"
Pondok Indah Mall 1,iman rivanda,5.0,"['big', 'mall', 'section', 'pim', 'lot', 'variat', 'tenant', 'f', 'b', 'cloth', 'shoe', 'playground', 'favorit', 'weekend', 'famili', 'hang', 'watch', 'movi', 'recommend', 'mall', 'south', 'jakarta']"
Pondok Indah Mall 1,Pandapotan Siagian,4.0,"['went', 'play', 'playtopia', 'locat', 'near', 'waterpark', 'south', 'area', 'pim', 'playground', 'big', 'enough', 'kid', 'play', 'around', 'ticket', 'weekend', 'k', 'idr', 'hour', 'play', 'honest', 'bit', 'forc', 'ticket', 'buy', 'less', 'hour', 'play', 'hour', 'save', 'next', 'time', 'overal', 'ok']"
Pondok Indah Mall 1,W Shravan,5.0,"['big', 'spacious', 'mal', 'brand', 'shop', 'children', 'corner', 'top', 'floor', 'includ', 'section', 'pondok', 'indah', 'beauti', 'clean', 'proper', 'maintain']"
Pondok Indah Mall 1,Te Ir,5.0,"['one', 'oldest', 'legendari', 'shop', 'mall', 'south', 'jakarta', 'develop', 'shop', 'mall', 'supermarket', 'ground', 'floor', 'food', 'court', 'st', 'floor', 'bookstor', 'brand', 'outlet', 'nd', 'floor', 'sky', 'bridg', 'st', 'floor', 'south', 'north', 'side', 'connect', 'transjakarta', 'bus', 'stop']"
Pondok Indah Mall 1,"Ramadhan, S.S.",5.0,"['pondok', 'indah', 'mall', 'shop', 'paradis', 'divers', 'rang', 'store', 'high', 'end', 'brand', 'local', 'boutiqu', 'provid', 'fantast', 'shop', 'experi', 'recommend', 'go', 'shop', 'free', 'time']"
Pondok Indah Mall 1,I am Q,4.0,"['shop', 'mall', 'one', 'shop', 'complex', 'call', 'pondok', 'indah', 'mall', 'place', 'beauti', 'think', 'must', 'see', 'list', 'tourist', 'come', 'jakarta', 'realli', 'big', 'famous', 'brand', 'found', 'first', 'impress', 'posit', 'lightn', 'color', 'insid', 'mall', 'modern', 'restroom', 'realli', 'clean', 'strang', 'thing', 'shop', 'center', 'charg', 'internet', 'taxi', 'come', 'pick', 'custom', 'even', 'though', 'take', 'minut']"
Pondok Indah Mall 1,Erma Irawati,5.0,"['shop', 'centr', 'south', 'jakarta', 'one', 'best', 'meet', 'point', 'friend', 'famili', 'could', 'shop', 'discov', 'culinari']"
Pondok Indah Mall 1,Bull Dogg,5.0,"['jakarta', 'sever', 'upscal', 'mall', 'one', 'top', 'three', 'term', 'scale', 'premium', 'brand', 'locat', 'although', 'street', 'around', 'mall', 'frequent', 'congest', 'open', 'hour', 'make', 'mall', 'nice', 'access', 'avoid', 'rush', 'hour', 'ampl', 'self', 'valet', 'park', 'mall', 'three', 'differ', 'build', 'take', 'find', 'store', 'look', 'pretti', 'much', 'everi', 'premium', 'brand', 'found', 'well', 'mani', 'small', 'specialti', 'store', 'part', 'chain', 'larg', 'number', 'restaur', 'various', 'kind', 'food', 'type', 'indonesian', 'love', 'fast', 'food', 'major', 'restaur', 'kind', 'also', 'upscal', 'restaur', 'indonesian', 'nation', 'restroom', 'mall', 'general', 'clean', 'constant', 'attend', 'also', 'sever', 'activ', 'area', 'children', 'mall', 'favorit', 'pastim', 'mani', 'famili', 'jakarta']"
Pondok Indah Mall 1,peru peru,5.0,"['great', 'shop', 'center', 'citi', 'jakarta', 'near', 'intercontinent', 'hotel', 'interlink', 'pondok', 'indah', 'mall', 'love', 'shop', 'place', 'great', 'food', 'outlet', 'like', 'outdoor', 'garden', 'give', 'breathtak', 'view', 'citi', 'area']"
Pondok Indah Mall 1,B “BM Adventure” M,5.0,"['good', 'place', 'walk', 'around', 'mall', 'mall', 'connect', 'lot', 'time', 'want', 'chill', 'mall', 'good', 'place', 'explor', 'pim', 'one', 'oldest', 'mall', 'new', 'shop', 'h']"
Pondok Indah Mall 1,Rick Siemmens,5.0,"['locat', 'south', 'jakarta', 'mall', 'sure', 'give', 'visitor', 'almost', 'need', 'nice', 'huge', 'mall', 'visit', 'famili', 'friend', 'mani', 'activ', 'done', 'love', 'one', 'eat', 'drink', 'shop', 'watch', 'cinema', 'children', 'playground', 'servic', 'mall', 'keep', 'expand', 'nice', 'good', 'decor', 'mani', 'nice', 'spot', 'selfi', 'alreadi', 'open', 'new', 'pondok', 'indah', 'mall', 'visit', 'explor', 'park', 'lot', 'adequ', 'visitor', 'privat', 'vehicl', 'mall', 'also', 'reach', 'direct', 'access', 'transjakarta', 'bus', 'stop']"
Pondok Indah Mall 1,Ratnanngrm,4.0,"['mall', 'mani', 'shop', 'restaur', 'various', 'local', 'intern', 'brand', 'found', 'pim', 'also', 'mani', 'choic', 'place', 'eat', 'local', 'food', 'foreign', 'food', 'good', 'place', 'comfort', 'facil']"
Pondok Indah Mall 1,Pramuaji Pramono,5.0,"['back', 'day', 'pim', 'major', 'renov', 'dispar', 'mall', 'pim', 'mid', 'low', 'level', 'pim', 'have', 'upper', 'class', 'differ', 'even', 'like', 'pim', 'better', 'minimum', 'requir', 'worth', 'visit', 'mall', 'budget', 'friend', 'restaur', 'hokben', 'bakmi', 'gm', 'bookstor', 'gramedia', 'periplus', 'movi', 'theatr', 'xxi', 'mall', 'street', 'galleri', 'outsid', 'build', 'motorcycl', 'park', 'pim', 'closest', 'build', 'person', 'prefer', 'take', 'transjakarta', 'koridor', 'get']"
Pondok Indah Mall 1,Lee “Utha” Carbeat,5.0,"['pim', 'mani', 'tenant', 'around', 'find', 'variat', 'outlet', 'still', 'good', 'place', 'shop', 'food', 'enthusiast', 'also', 'jay', 'walk']"
Pondok Indah Mall 1,Kirana Mazaya,4.0,"['pondok', 'indah', 'mall', 'pim', 'mall', 'one', 'best', 'modern', 'mall', 'lot', 'shop', 'easi', 'shop', 'enjoy', 'lazi', 'afternoon', 'coffe', 'tea', 'break', 'friend', 'buy', 'essenti', 'pim', 'easili']"
Pondok Indah Mall 1,Daniel Judah,5.0,"['good', 'place', 'visit', 'lot', 'good', 'tenant', 'place', 'crowd', 'lot', 'good', 'food', 'food', 'court', 'park', 'space', 'ampl', 'toilet', 'clean', 'good', 'fashion', 'stuff', 'first', 'floor', 'place', 'good', 'covid', 'procedur', 'temperatur', 'check', 'door', 'also', 'wash', 'hand']"
Pondok Indah Mall 1,BHUPJIT SINGH SETH,5.0,"['nice', 'mall', 'spend', 'day', 'big', 'mall', 'got', 'everi', 'restaur', 'everi', 'store', 'also', 'like', 'beauti', 'mall', 'ever', 'mani', 'beauti', 'place', 'like', 'terrac', 'pim', 'best', 'mall', 'whole', 'jakarta', 'indonesia']"
Pondok Indah Mall 1,Nadine Driesandia,5.0,"['knew', 'pim', 'sinc', 'childhood', 'grew', 'uo', 'develpo', 'need', 'say', 'anyth', 'mall', 'practic', 'second', 'home', 'comfi', 'familiar', 'various', 'place', 'visit']"
Pondok Indah Mall 1,Prinantono Kadri,4.0,"['basic', 'pim', 'relat', 'new', 'open', 'like', 'previous', 'pim', 'one', 'good', 'crowd', 'due', 'pandem', 'mani', 'peopl', 'choos', 'go', 'open', 'air', 'place', 'rest', 'relax']"
Pondok Indah Mall 1,Apuy,5.0,"['great', 'shop', 'center', 'citi', 'jakarta', 'near', 'intercontinent', 'hotel', 'love', 'shop', 'place', 'great', 'food', 'outlet', 'like', 'outdoor', 'garden', 'give', 'breathtak', 'view', 'citi', 'area']"
Pondok Indah Mall 1,Nathanael Shelvin,5.0,"['first', 'part', 'pondok', 'indah', 'mall', 'mall', 'look', 'old', 'old', 'gold', 'tenant', 'perfect', 'complet', 'find', 'everyth', 'pim', 'thing', 'need', 'improv', 'motorcycl', 'park', 'mall', 'space', 'motorcycl', 'cc', 'park', 'outsid', 'mall', 'somewher', 'faraway']"
Pondok Indah Mall 1,Teguh haryanto,5.0,"['went', 'play', 'playtopia', 'locat', 'near', 'waterpark', 'south', 'area', 'pim', 'playground', 'big', 'enough', 'kid', 'play', 'around', 'ticket', 'weekend', 'k', 'idr', 'hour', 'play', 'honest', 'bit', 'forc', 'ticket', 'buy', 'less', 'hour', 'play', 'hour', 'save', 'next', 'time', 'overal', 'ok']"
Pondok Indah Mall 1,dian ratnasari,5.0,"['go', 'mall', 'sinc', 'forev', 'find', 'everyth', 'walk', 'pim', 'pim', 'pim', 'excercis', 'window', 'shop']"
Pondok Indah Mall 1,JR Shafira,5.0,"['huge', 'mall', 'good', 'place', 'shop', 'eat', 'famili', 'friend', 'mani', 'food', 'court', 'brand', 'fashion', 'store', 'sport', 'game', 'other', 'one', 'best', 'depart', 'store', 'jakarta']"
Pondok Indah Mall 1,tiamuah _,5.0,"['new', 'one', 'town', 'pim', 'final', 'open', 'though', 'pandem', 'still', 'exist', 'affect', 'progress', 'store', 'complet', 'tenant', 'close', 'pim', 'pim', 'pim', 'still', 'offer', 'new', 'tenant', 'new', 'attract', 'fear', 'glass', 'floor', 'area', 'second', 'floor', 'visitor', 'enter', 'area', 'base', 'limit', 'group', 'peopl', 'handl', 'secur', 'given', 'minut', 'enjoy', 'take', 'photo', 'around', 'place', 'actual', 'high', 'still', 'worri', 'peopl', 'hahaha', 'prefer', 'come', 'night', 'sinc', 'citi', 'light', 'intersect', 'pim', 'pim', 'look', 'great', 'free', 'area', 'visit', 'queue', 'sometim', 'heel', 'point', 'heel', 'allow', 'protect', 'glass', 'floor', 'good', 'visit', 'pim']"
Pondok Indah Mall 1,Aena Pareek,5.0,"['huge', 'upscal', 'mall', 'area', 'almost', 'major', 'brand', 'avail', 'toy', 'citi', 'various', 'toy', 'shop', 'avail', 'open', 'kid', 'play', 'area', 'mani', 'restaur', 'cafe', 'extrem', 'crowd', 'special', 'even', 'well', 'maintain', 'skywalk', 'connect', 'mall', 'get', 'easier', 'peopl', 'walk', 'around', 'see', 'whole', 'mall', 'one', 'go', 'prepar', 'get', 'tire', 'overal', 'good']"
Pondok Indah Mall 1,antonia yudhita,5.0,"['great', 'place', 'hang', 'relat', 'mani', 'nurseri', 'room', 'infant', 'taken', 'care', 'easili', 'restroom', 'special', 'need', 'peopl', 'one', 'best', 'shop', 'mall', 'pleas', 'awar', 'bring', 'kid', 'might', 'lost', 'crowd', 'mall', 'weekend']"
Pondok Indah Mall 1,toko firna,5.0,"['chang', 'commit', 'provid', 'excel', 'servic', 'product', 'experi', 'alway', 'awe', 'toward', 'commit', 'spirit', 'give', 'back', 'an', 'togeth', 'alway', 'market', 'great', 'place', 'visit', 'even', 'stroll', 'cab', 'dine', 'stroll', 'play', 'shop', 'groceri', 'shop', 'etc', 'comfort', 'an', 'conveni', 'high', 'recommend']"
Pondok Indah Mall 1,Arsy Phx,5.0,"['pondok', 'indah', 'mall', 'offer', 'divers', 'comprehens', 'shop', 'experi', 'mall', 'hous', 'wide', 'rang', 'store', 'encompass', 'fashion', 'electron', 'home', 'decor', 'cater', 'various', 'budget', 'prefer', 'make', 'inclus', 'destin', 'shopper', 'kind', 'one', 'notabl', 'aspect', 'pondok', 'indah', 'mall', 'spacious', 'well', 'design', 'layout', 'corridor', 'thought', 'organ', 'allow', 'easi', 'navig', 'unhind', 'movement', 'mall', 'interior', 'clean', 'well', 'maintain', 'aesthet', 'pleas', 'contribut', 'pleasant', 'shop', 'environ']"
Senayan City,Samsul Anam,4.0,"['town', 'mall', 'mani', 'intern', 'brand', 'good', 'shop', 'intern', 'brand', 'big', 'discount', 'children', 'play', 'park', 'top', 'floor', 'good', 'place', 'play']"
Senayan City,Aris subianto,4.0,"['interest', 'place', 'visit', 'famili', 'mani', 'tenant', 'well', 'known', 'brand', 'foodcourt', 'various', 'restaur', 'also', 'avail', 'toilet', 'clean', 'lot', 'staff', 'readi', 'help', 'lot', 'visitor', 'visit', 'difficult', 'find', 'park', 'space']"
Senayan City,Bogto's Fantasy,4.0,"['apart', 'fame', 'one', 'luxuri', 'shop', 'mall', 'jakarta', 'honest', 'found', 'anyth', 'els', 'describ', 'place', 'get', 'wrong', 'say', 'bad', 'place', 'thing', 'mall', 'well', 'describ', 'review', 'would', 'redund', 'add', 'detail', 'okay', 'brief', 'f', 'r', 'e', 'senayan', 'citi', 'cozi', 'place', 'hang', 'spend', 'time', 'famili', 'especi', 'dinner', 'locat', 'strateg', 'easi', 'reach', 'name', 'impli', 'senayan', 'may', 'add', 'detail', 'later', 'cheer', 'peopl']"
Senayan City,B L O G G E R,5.0,"['one', 'luxuri', 'mall', 'jakarta', 'spacious', 'high', 'ceil', 'mani', 'floor', 'luxuri', 'brand', 'also', 'clean', 'nice', 'smell']"
Senayan City,W Shravan,5.0,"['luxuri', 'mal', 'popular', 'high', 'class', 'brand', 'spacious', 'clean', 'proper', 'manag', 'welcom', 'staff', 'big', 'food', 'court', 'uniqu', 'cuisin']"
Senayan City,Nisa Suciaty,5.0,"['come', 'quit', 'regular', 'love', 'food', 'atmospher', 'uniqu', 'art', 'instal', 'differ', 'theme', 'alway', 'offer', 'visitor', 'five', 'star']"
Senayan City,Denia Samad,4.0,"['one', 'strateg', 'mall', 'south', 'jakarta', 'uncount', 'meet', 'due', 'locat', 'easi', 'everyon', 'even', 'happen', 'ramadhan', 'season']"
Senayan City,Bray Wok,5.0,"['nice', 'n', 'larg', 'shop', 'mal', 'mani', 'good', 'resto', 'n', 'shop']"
Senayan City,Fenny W,5.0,"['pretti', 'place', 'good', 'smell', 'clean', 'mall', 'good', 'store', 'insid']"
Senayan City,Richard M,5.0,"['amaz', 'mall', 'lot', 'food', 'outlet', 'retail', 'kid', 'play', 'etc']"
Senayan City,Yasmin R,5.0,"['great', 'mall', 'locat', 'strateg', 'area', 'jakarta', 'access', 'public', 'transport', 'mrt', 'senayan']"
Senayan City,Hasley Mochamad,5.0,"['one', 'favorit', 'mall', 'south', 'side', 'good', 'place', 'spend', 'time', 'love', 'one', 'never', 'get', 'bore', 'lot', 'differ', 'food', 'choic', 'lot', 'electron', 'store', 'entertain', 'hous', 'need', 'forget', 'cinema', 'mani', 'new', 'movi', 'play']"
Senayan City,Christiandel Rosales,5.0,"['place', 'nice', 'crowd', 'secur', 'guard', 'upon', 'entri', 'metal', 'detector', 'x', 'ray', 'guard', 'situat', 'througout', 'center', 'restaur', 'lower', 'ground', 'floor', 'high', 'end', 'brand', 'ground', 'alot', 'other', 'rest', 'build']"
Senayan City,Ivan Wiryawan,5.0,"['mall', 'central', 'jakarta', 'one', 'stop', 'destin', 'everyth', 'rang', 'bank', 'high', 'end', 'brand', 'yes', 'even', 'includ', 'uniqlo', 'word', 'caution', 'though', 'navig', 'upper', 'ground', 'park', 'lot', 'quit', 'challeng', 'experi']"
Senayan City,Bernardine Tan,5.0,"['one', 'upscal', 'mall', 'fulfil', 'shop', 'need', 'consist', 'mid', 'high', 'end', 'brand', 'various', 'type', 'restaur', 'food', 'court']"
Senayan City,Gatot Bramanto,4.0,"['insid', 'mall', 'ok', 'problem', 'find', 'park', 'especi', 'find', 'way', 'reach', 'exit', 'gateway', 'exit', 'way', 'complic', 'crowd', 'car', 'lineway', 'cross', 'suggest', 'manag', 'review', 'park', 'exit', 'path', 'especi', 'weekend']"
Senayan City,Anggita Damayanti,2.0,"['one', 'best', 'mall', 'jakarta', 'shame', 'unfriend', 'secur', 'visit', 'wear', 'sandal', 'skin', 'littl', 'dark', 'women', 'enter', 'greet', 'kind', 'larg', 'bag', 'still', 'given', 'box', 'enter', 'x', 'ray', 'machin', 'even', 'though', 'bag', 'small', 'put', 'away', 'gave', 'bag', 'weird', 'look']"
Senayan City,Lobelia Asmaul Husna,5.0,"['one', 'biggest', 'mall', 'jakarta', 'good', 'place', 'shop', 'need', 'improv', 'park', 'area', 'big', 'day', 'stuck', 'move', 'minut', 'basement', 'overal', 'great']"
Senayan City,Elfooz,5.0,"['one', 'best', 'largest', 'mall', 'capit', 'jakarta', 'mani', 'divers', 'multi', 'storey', 'shop', 'easi', 'reach', 'sever', 'entranc', 'mall', 'also', 'mani', 'restaur', 'cafe', 'also', 'corner', 'children', 'fast', 'food']"
Senayan City,Norman C,4.0,"['decent', 'ac', 'lot', 'store', 'select', 'get', 'mall', 'easi', 'layout', 'basement', 'escal', 'bit', 'complex']"
Senayan City,Sutini Irsan,4.0,"['huge', 'shop', 'mall', 'prestig', 'brand', 'luxuri', 'shop', 'lot', 'new', 'shop', 'expect', 'open', 'soon', 'swatch', 'watch', 'repair', 'servic', 'love', 'garden', 'lobbi', 'area']"
Senayan City,"Raden “Winged, Elfeater” Gornak",5.0,"['one', 'largest', 'mall', 'south', 'jakarta', 'locat', 'across', 'plaza', 'senayan', 'mall', 'plenti', 'choic', 'shopper', 'fashion', 'food', 'electron', 'entertain', 'cinema', 'etc', 'great', 'outdoor', 'area', 'also', 'full', 'resto', 'cafe', 'find', 'almost', 'anyth']"
Senayan City,Wilhelmus Kresna Prabu,5.0,"['one', 'best', 'mall', 'metro', 'citi', 'jkt']"
Senayan City,Muhammad Fairuzi Teguh,5.0,"['spacious', 'mall', 'mani', 'well', 'known', 'tenant']"
Senayan City,Eric Kairupan,5.0,"['senayan', 'citi', 'one', 'jakarta', 'mall', 'like', 'visit', 'sinc', 'first', 'time', 'mall', 'open', 'public', 'spacious', 'lay', 'luxuri', 'tenant', 'make', 'mall', 'fun', 'visit', 'either', 'culinari', 'experi', 'shop', 'mistaken', 'time', 'senayan', 'citi', 'first', 'mall', 'held', 'midnight', 'shop', 'event', 'program', 'jakarta']"
Senayan City,AV Fanny Aliwarga,5.0,"['big', 'complet', 'love', 'vibe', 'one', 'luxiouri', 'mall', 'citi', 'familli', 'orient', 'kid', 'lot', 'option', 'foodcourt', 'infront', 'xxi', 'th', 'level', 'give', 'warm', 'interior', 'footcourt', 'cozi', 'supermarket', 'foodhal', 'level', 'mani', 'resttaur', 'includ', 'restaur', 'outdoor']"
Senayan City,Ronald L. Poetranto,5.0,"['one', 'first', 'mall', 'upscal', 'shop', 'dine', 'experi', 'use', 'come', 'visit', 'jittlada', 'vibe', 'mall', 'modern', 'chic', 'mani', 'option', 'dine', 'actual', 'close', 'gbk', 'fairmont', 'hotel', 'mulia', 'hotel', 'best', 'western', 'walk', 'distanc', 'across', 'sure', 'go', 'place', 'jakarta', 'across', 'plaza', 'senayan', 'fx', 'walk', 'distanc', 'senayan', 'mrt', 'harri', 'hotel', 'apart', 'will', 'walk', 'lil', 'bit', 'find', 'around', 'senopati', 'scbd', 'area']"
Senayan City,Fajar Hariadi,5.0,"['nice', 'mall']"
Senayan City,Nurul Nisa Utami,5.0,"['great', 'mall', 'shop', 'stroll', 'around', 'find', 'mani', 'luxuri', 'brand']"
Senayan City,Do It,5.0,"['first', 'time', 'visit', 'mall', 'went', 'lunch', 'batavia', 'restaur', 'know', 'much', 'mall', 'much', 'walk', 'around', 'saw', 'mall', 'big', 'nice', 'close', 'plaza', 'senayan', 'mall', 'definit', 'go', 'back', 'next', 'time']"
The Darmawangsa Square,Vilia Ciputra,5.0,"['small', 'kinda', 'old', 'mall', 'well', 'taken', 'care', 'tenant', 'curat', 'well', 'pretti', 'complet', 'could', 'find', 'mani', 'differ', 'type', 'busi', 'cafe', 'supermarket', 'dentist', 'physiotherapist', 'etc', 'mall', 'calm', 'classic', 'interior', 'style', 'crowd', 'work', 'peopl', 'get', 'calm', 'ambienc', 'make', 'good', 'place', 'read', 'cup', 'coffe', 'friend', 'definit', 'back']"
The Darmawangsa Square,arantan saranto,5.0,"['reason', 'went', 'avenu', 'small', 'mall', 'good', 'restaur', 'pricey', 'park', 'space', 'adequ', 'also', 'sukaoutdoor', 'small', 'store', 'sell', 'special', 'brand', 'runner', 'cyclist']"
The Darmawangsa Square,Dean Chen,4.0,"['small', 'mall', 'pretti', 'cozi', 'kinda', 'remind', 'small', 'town', 'shop', 'center', 'floor', 'shop', 'feel', 'like', 'own', 'sole', 'proprietor', 'good', 'way', 'privat', 'brand', 'boutiqu', 'salon', 'dentist', 'liquor', 'shop', 'etc', 'idk', 'think', 'drawn', 'fake', 'still', 'beauti', 'cloud', 'well', 'done', 'guy', 'wait', 'there', 'moooor', 'there', 'shop', 'basement', 'oh', 'mine', 'tini', 'japanes', 'restaur', 'nice', 'done', 'guy']"
The Darmawangsa Square,lc wang,3.0,"['shop', 'centr', 'around', 'decad', 'consist', 'four', 'floor', 'landscap', 'long', 'n', 'narrow', 'shape', 'most', 'occupi', 'korean', 'style', 'hair', 'saloon', 'restaur', 'fit', 'centr', 'pilat', 'n', 'yoga', 'studio', 'art', 'galleri', 'cloth', 'store', 'restaur', 'n', 'supermarket', 'offic', 'tile', 'shop', 'etc', 'limit', 'park', 'space', 'vip', 'park', 'spot', 'avail', 'fee', 'k', 'unfortun', 'toilet', 'wheelchair', 'friend', 'ramp', 'nearbi', 'came', 'nostalg', 'vibe']"
The Darmawangsa Square,Sutomo Juwono,4.0,"['small', 'strip', 'compar', 'mani', 'shop', 'mall', 'jakarta', 'quiet', 'place', 'well', 'maintain', 'delight', 'restaur', 'limit', 'food', 'option', 'interest', 'place', 'busi', 'discuss', 'inform', 'meet']"
The Darmawangsa Square,Teguh Yuniswan,4.0,"['nice', 'small', 'shop', 'small', 'want', 'grab', 'go', 'find', 'darmawangsa', 'squar', 'ground', 'floor', 'coupl', 'restaur', 'japanes', 'indonesian', 'western', 'ranch', 'market', 'groceri', 'shop', 'coupl', 'boutiqu', 'upper', 'floor', 'coupl', 'boutiqu', 'restaur', 'also', 'travel', 'agent', 'price', 'bit', 'expens', 'compar', 'shop', 'mall', 'biggest', 'downsid', 'place', 'park', 'front', 'side', 'build', 'reserv', 'premium', 'valet', 'park', 'doesnt', 'leav', 'much', 'space', 'ground', 'park']"
The Darmawangsa Square,leona gauloisses,4.0,"['mini', 'mall', 'would', 'say', 'most', 'small', 'cafe', 'restaur', 'dentist', 'studio', 'supermarket', 'exclus', 'level', 'certain', 'peopl', 'good', 'ppl', 'like', 'crowd']"
The Darmawangsa Square,Wishnu Soehardjo,4.0,"['small', 'plaza', 'connect', 'hotel', 'darmawangsa', 'across', 'grand', 'wijaya', 'center', 'locat', 'strateg', 'design', 'good', 'howev', 'place', 'use', 'hous', 'sever', 'high', 'end', 'design', 'lot', 'tenant', 'good', 'quit', 'meet', 'rendevu']"
The Darmawangsa Square,Travellin Adira Insurance,5.0,"['exclus', 'shop', 'mall', 'though', 'small', 'famili', 'destin', 'spend', 'time', 'shop', 'supermarket', 'resto', 'cafe', 'yoga', 'pilat', 'place', 'health', 'care', 'facil', 'cloth', 'store', 'privat', 'school', 'offic', 'corner', 'hotel', 'across', 'build', 'conveni', 'store', 'travel', 'agenc', 'surround', 'high', 'class', 'hous', 'area', 'wealthi', 'peopl', 'like', 'go', 'less', 'crowd', 'compar', 'mall']"
The Darmawangsa Square,F. Kusuma,5.0,"['one', 'coolest', 'place', 'hang', 'south', 'jakarta', 'plenti', 'littl', 'shop', 'cool', 'restaur']"
The Darmawangsa Square,Venny Devita,5.0,"['ambianc', 'place', 'great']"
The Darmawangsa Square,Ruslin Widjaja,4.0,"['park', 'hassl', 'mani', 'vip', 'park', 'slot']"
The Darmawangsa Square,Evan Deviliozo,4.0,"['place', 'like', 'shadow', 'former', 'glori', 'one', 'main', 'issu', 'begin', 'lack', 'park', 'space', 'still', 'higher', 'tenant', 'occup', 'mani', 'peopl', 'reluct', 'visit', 'sinc', 'face', 'difficulti', 'get', 'park', 'space', 'sever', 'competitor', 'built', 'shop', 'center', 'nearbi', 'area', 'complet', 'bigger', 'area', 'long', 'stori', 'short', 'pandem', 'came', 'affect', 'place', 'tenant', 'occup', 'lot', 'also', 'activ']"
The Darmawangsa Square,regi,5.0,"['cool', 'place', 'hang', 'nice', 'neighborhood', 'mall']"
The Darmawangsa Square,Putri Agustina,4.0,"['visit', 'subtitl', 'great', 'place', 'watch', 'small', 'group', 'peopl', 'howev', 'devic', 'quit', 'old', 'school', 'match', 'old', 'school', 'laptop', 'squar', 'shop', 'alreadi', 'close', 'pm', 'place', 'alreadi', 'quit', 'time']"
The Darmawangsa Square,Pangihutan Marpaung,5.0,"['nice', 'place', 'lunch']"
The Darmawangsa Square,J B,5.0,"['neat', 'littl', 'shop', 'mall', 'ranch', 'market', 'nicest', 'fruit', 'stand', 'seen', 'long', 'time']"
The Darmawangsa Square,Kusuma Febriani,4.0,"['good', 'qualiti', 'shop', 'nice', 'salon', 'especi', 'korean', 'hairstyl', 'good', 'restaur', 'menu', 'delici', 'tast', 'good', 'shop', 'relax', 'crowd', 'store', 'close']"
The Darmawangsa Square,Albert Kevin,5.0,"['place', 'big', 'atmospher', 'nice', 'good', 'place', 'would', 'like', 'meet', 'friend', 'small', 'meet', 'despit', 'park', 'park', 'limit', 'park', 'ruko', 'nearbi', 'walk', 'way', 'mall']"
The Darmawangsa Square,Bingah Suseno,3.0,"['alway', 'hard', 'find', 'park', 'spot']"
The Darmawangsa Square,janto wihardja,5.0,"['final', 'jakarta', 'need', 'discreet', 'progress', 'dine', 'privat', 'own', 'food', 'enthusiast', 'call', 'privi', 'sign', 'n', 'receptionist', 'mall', 'may', 'awar', 'strict', 'appoint', 'select', 'menu', 'option', 'great', 'wine', 'meal', 'explain', 'detail', 'chilian', 'sea', 'bass', 'silver', 'label', 'ribey', 'bone', 'steam', 'main', 'lobster', 'enjoy', 'privi']"
The Darmawangsa Square,Chrisna Angela,4.0,"['quiet', 'place', 'hangout']"
The Darmawangsa Square,Nadja P Adhianti,4.0,"['small', 'mall', 'shop', 'sell', 'fashion', 'premium', 'brand', 'cafe', 'restaur', 'dental', 'aesthet', 'clinic', 'beauti', 'salon', 'groceri', 'store', 'atmospher', 'most', 'quit', 'bigger', 'mall', 'comfort', 'busi', 'meet', 'place', 'most', 'came', 'meet', 'client', 'work', 'partner']"
The Darmawangsa Square,Virna AR,5.0,"['quit', 'calm', 'place', 'work', 'need', 'groceri', 'worri', 'ranch', 'market', 'lunch', 'tera', 'dharmawangsa', 'hair', 'messi', 'parlour']"
The Darmawangsa Square,Ibrahim R. Hakim,5.0,"['darmawangsa', 'squar', 'dharmawangsa', 'squar', 'mini', 'mall', 'heart', 'dharmawangsa', 'area', 'consist', 'various', 'restaur', 'shop', 'beauti', 'clinic', 'mani', 'other', 'mini', 'mall', 'also', 'connect', 'hotel', 'call', 'dharmawangsa', 'make', 'conveni', 'guest', 'stay', 'hotel', 'look', 'someth', 'eat', 'someth', 'buy', 'find', 'popular', 'coffe', 'chain', 'mini', 'mall', 'starbuck', 'coffe', 'bean', 'kopi', 'tator', 'furthermor', 'mall', 'also', 'supermarket', 'farmer', 'market', 'groceri', 'need', 'mall', 'crowd', 'like', 'mani', 'larger', 'shop', 'mall', 'jakarta', 'make', 'relax', 'experi', 'want', 'find', 'someth', 'eat', 'howev', 'problem', 'mall', 'would', 'park', 'space', 'outsid', 'ground', 'level', 'park', 'space', 'well', 'basement', 'park', 'space', 'hard', 'find', 'park', 'outsid', 'park', 'space', 'howev', 'outsid', 'park', 'space', 'still', 'prefer', 'compar', 'basement', 'one', 'mall', 'four', 'entranc', 'easili', 'access', 'peopl', 'park', 'ground', 'level', 'meanwhil', 'basement', 'park', 'space', 'quit', 'narrow', 'bad', 'ventil', 'stair', 'access', 'go', 'mall', 'lobbi', 'also', 'limit', 'make', 'inconveni', 'park', 'furthermor', 'prayer', 'room', 'basement', 'park', 'area', 'bold', 'say', 'extrem', 'unsatisfactori', 'small', 'damp', 'quit', 'hassl', 'access']"
The Darmawangsa Square,Ivan Aditia,4.0,"['nice', 'littl', 'european', 'style', 'shop', 'arcad', 'cafe', 'restaur', 'supermarket', 'good', 'place', 'small', 'meet', 'stay', 'sedayu', 'dharmawangsa', 'hotel', 'next', 'door', 'look', 'someth', 'eat', 'want', 'eat', 'kemang', 'anywher', 'els', 'con', 'basement', 'park', 'area', 'limit', 'quit', 'narrow']"
The Darmawangsa Square,Wa Wa,4.0,"['mani', 'food', 'restaur', 'choos', 'differ', 'resto', 'never', 'found', 'menu', 'like', 'menu', 'japanes', 'menu', 'serv', 'kimchi', 'korean', 'food']"
The Darmawangsa Square,andhi maulana,5.0,"['nice', 'cozi', 'lunch', 'meet']"
The Darmawangsa Square,ida dida,4.0,"['great', 'experi', 'like', 'go', 'mall', 'instead', 'like', 'stroll', 'littl', 'beauti', 'town']"
The Darmawangsa Square,Loren G.,3.0,"['small', 'bulid', 'small', 'shop', 'cafe', 'ranch', 'market', 'groceri', 'well', 'maintain', 'park', 'slot', 'basement', 'around', 'bulid']"
Melawai Plaza,Adi S,5.0,"['melawai', 'plaza', 'icon', 'landmark', 'stand', 'resolut', 'present', 'era', 'bear', 'wit', 'passag', 'time', 'despit', 'chang', 'tide', 'modern', 'remain', 'cherish', 'relic', 'past', 'exud', 'timeless', 'charm', 'captiv', 'visit', 'sketch', 'grace', 'facad', 'gentl', 'breez', 'whisper', 'stori', 'bygon', 'day', 'intertwin', 'nostalgia', 'vibrant', 'spirit', 'present', 'kisahjakarta', 'adimacewindu', 'cat', 'air', 'di', 'buku']"
Melawai Plaza,Kania Defira,4.0,"['legend', 'histor', 'place', 'teenag', 'old', 'place', 'still', 'gold', 'cloth', 'shop', 'visit', 'good', 'locat', 'retro', 'photographi']"
Melawai Plaza,Mufrizon. Architect,5.0,"['go', 'back', 'old', 'time', 'linta', 'melawai', 'melawai', 'name', 'street', 'blok', 'area', 'linta', 'melawai', 'popular', 'act', 'young', 'peopl', 'exist', 'moment', 'two', 'way', 'street', 'also', 'get', 'jam', 'young', 'peopl', 'parad', 'everi', 'even']"
Melawai Plaza,Rinaldi Herdianto,3.0,"['popular', 'shop', 'center', 'mere', 'shadow', 'shop', 'find', 'gold', 'jeweleri', 'watch', 'also', 'slowli', 'die', 'layout', 'still', 'reminisc', 'shop', 'center', 'henc', 'realli', 'feel', 'date']"
Melawai Plaza,Jeremy Mseitif,2.0,"['place', 'way', 'old', 'wonder', 'hard', 'anyon', 'food', 'court', 'place', 'empti']"
Melawai Plaza,Primazahra Agya Zaenal Mutaqin,4.0,"['came', 'gf', 'look', 'wed', 'ring', 'mani', 'outlet', 'jewel', 'price', 'competit', 'lack', 'park', 'space']"
Melawai Plaza,Adrian,4.0,"['brand', 'good', 'price', 'good', 'hot', 'inth', 'mall']"
Melawai Plaza,Ivan Aditia,3.0,"['old', 'shop', 'center', 'well', 'known', 'place', 'gold', 'jewelri', 'place', 'definit', 'seen', 'better', 'day', 'run', 'creepi', 'look', 'place', 'let', 'alon', 'retro', 'ambienc', 'ground', 'first', 'floor', 'usual', 'crowd', 'thank', 'number', 'jewelri', 'gold', 'shop', 'rest', 'like', 'ghost', 'town', 'floor', 'use', 'depart', 'store', 'supermarket', 'long', 'gone', 'top', 'floor', 'hous', 'mosqu']"
Melawai Plaza,Colin Anderson,5.0,"['great', 'mall', 'might', 'find', 'old', 'noth', 'wrong', 'antiqu', 'wide', 'walkway', 'shop', 'crowd', 'hyperact', 'scream', 'kid', 'overpr', 'brand', 'good', 'watch', 'servic', 'sinc', 'hi', 'favorit', 'mall', 'jakarta']"
Melawai Plaza,Dicky Bachrudin,4.0,"['wan', 'na', 'nice', 'good', 'jewelri', 'shop', 'place', 'recommend', 'bargain', 'far', 'price', 'seller', 'ask', 'varieti', 'model', 'ring', 'custom', 'item', 'avail']"
Melawai Plaza,Tia T,4.0,"['came', 'lunch', 'time', 'pick', 'deliveri', 'mom', 'lot', 'gold', 'merchant', 'glanc', 'gold', 'jewelri', 'design', 'look', 'date', 'wide', 'rang', 'varieti', 'tempt', 'come', 'back', 'dainti', 'earring', 'next', 'time', 'build', 'look', 'date', 'escal', 'seem', 'old', 'bought', 'lunch', 'kfc', 'next', 'build', 'oh', 'need', 'worri', 'wan', 'na', 'get', 'taxi', 'lot', 'outsid']"
Melawai Plaza,Chaw Annisa,5.0,"['need', 'buy', 'jewelleri', 'like', 'gold', 'diamond', 'right', 'place', 'mani', 'store', 'sell', 'good', 'price', 'also', 'place', 'buy', 'fix', 'watch']"
Melawai Plaza,Anto Judakriya,4.0,"['often', 'visit', 'melawai', 'plaza', 'buy', 'diamond', 'jewelri', 'recent', 'bought', 'cross', 'pendant', 'white', 'gold', 'necklac', 'victoria', 'jewelleri', 'shop', 'locat', 'st', 'floor']"
Melawai Plaza,Triati Arishanti,5.0,"['look', 'gold', 'jeweleri', 'come', 'mani', 'shop', 'choos', 'also', 'legend', 'kari', 'umbi', 'small', 'outlet', 'famous', 'siomay']"
Melawai Plaza,Mohammad Zaki,5.0,"['althought', 'park', 'space', 'limit', 'jewelri', 'gold', 'sell', 'mani', 'variat', 'model']"
Melawai Plaza,Idaris Simorangkir,5.0,"['declar', 'jakarta', 'citizen', 'place', 'one', 'id', 'trade', 'mark', 'b', 'coz', 'jakarta', 'peopl', 'growth', 'togeth', 'histor', 'pione', 'shop', 'mall', 'region', 'era', 'fam', 'import', 'stuff', 'found', 'jewelri', 'especi', 'famili', 'would', 'like', 'held', 'children', 'relat', 'marriag', 'watch', 'would', 'like', 'give', 'memor', 'gift', 'outfit', 'would', 'like', 'wear', 'taylor', 'made', 'style', 'fashion', 'women', 'price', 'need', 'discuss', 'due', 'merchandis', 'alway', 'say', 'reasonablenpric', 'loyal', 'custom', 'sir', 'mam', 'like', 'come', 'regulari', 'event', 'take', 'lunch', 'mini', 'resto', 'besid', 'plaza']"
Melawai Plaza,Cicilia Theodora,4.0,"['melawai', 'plaza', 'far', 'differ']"
Melawai Plaza,Mochammad Dimas Sanjaya,4.0,"['place', 'buy', 'sell', 'gold', 'jewel', 'mani', 'women', 'accessori', 'relat', 'gold', 'gold', 'shop', 'offer', 'mani', 'product', 'wed', 'ring', 'gold', 'invest', 'park', 'lot', 'accommod', 'car', 'motorcycl', 'entranc', 'park', 'lot', 'besid', 'kfc', 'guest', 'climb', 'basement', 'get', 'park', 'watch', 'enter', 'mall']"
Melawai Plaza,Dedy Nurhan,3.0,"['good', 'old', 'place', 'nice', 'spot', 'retro', 'car', 'linta', 'melawai', 'photographi']"
Melawai Plaza,Hammad Ahmad,4.0,"['great', 'place', 'buy', 'shirt', 'pant', 'cargo', 'flip', 'flop', 'shoe', 'belt', 'watch', 'jewelri', 'scarf', 'etc', 'price', 'lower', 'mall', 'gone', 'food', 'shop', 'coupl', 'fast', 'food', 'outlet', 'quick', 'bite']"
Melawai Plaza,Faith MG,5.0,"['plaza', 'sell', 'jewelri', 'dimond', 'gold', 'white', 'gold', 'store', 'repair', 'jewelri', 'realli', 'enjoy', 'shop', 'jewelri', 'place', 'mani', 'shop', 'build']"
Melawai Plaza,Oliver Sebastian,5.0,"['good', 'atmospher', 'feel', 'like', 'blok', 'ict', 'fatmawati', 'complet', 'shop', 'lot', 'thing', 'found', 'place', 'high', 'recommend']"
Melawai Plaza,Arman Pramono,3.0,"['mani', 'jewelri', 'shop', 'park', 'bit', 'difficult']"
Melawai Plaza,Juliarty Masson,5.0,"['place', 'go', 'one', 'want', 'buy', 'jewelleri', 'repair', 'watch']"
Melawai Plaza,Harry WALUYO,4.0,"['sinc', 'covid', 'pandem', 'shop', 'close', 'mani', 'gold', 'shop', 'open']"
Melawai Plaza,Nur Auryn (Nue),4.0,"['want', 'buy', 'jewelri', 'come', 'store', 'offer', 'much', 'variat', 'shape', 'till', 'price']"
Melawai Plaza,Budana P,4.0,"['go', 'place', 'jewelri', 'live', 'south', 'jakarta', 'tri', 'place', 'jewelri', 'need', 'especi', 'gold', 'base']"
Melawai Plaza,Dini Andetyorini,5.0,"['went', 'look', 'diamond', 'ring', 'mani', 'store', 'look', 'park', 'lot', 'bit', 'dark', 'tho', 'overal', 'good', 'experi']"
Melawai Plaza,Kemal Dave,5.0,"['strateg', 'ambienc']"
Melawai Plaza,Ricky Yosua,4.0,"['find', 'reason', 'price', 'jewelri', 'watch', 'good', 'qualiti', 'product', 'haggl']"
Mal Ambasador,private channel,2.0,"['mall', 'look', 'downmarket', 'rundown', 'small', 'gadget', 'cheap', 'adapt', 'cabl', 'cost', 'k', 'onlin', 'k', 'good', 'thing', 'larg', 'busi', 'food', 'floor', 'halal', 'non', 'halal', 'pork', 'section']"
Mal Ambasador,Martin Djamin,4.0,"['usual', 'visit', 'mall', 'repair', 'watch', 'wall', 'clock', 'profession', 'shop', 'repair', 'watch', 'aand', 'wall', 'clock', 'name', 'sinar', 'arloji']"
Mal Ambasador,Alwyn Samuel,4.0,"['mall', 'crowd', 'use', 'find', 'lot', 'store', 'comput', 'cell', 'phone', 'alway', 'go', 'one', 'shop', 'post']"
Mal Ambasador,Fajar Muhammad,5.0,"['place', 'spacious', 'lot', 'shop', 'make', 'easi', 'us', 'buyer', 'look', 'good', 'thing', 'place', 'clean', 'comfort']"
Mal Ambasador,Alex Giansante,4.0,"['good', 'mall', 'general', 'flashi', 'piti', 'stand', 'close', 'good', 'hairdress', 'inexpens', 'stand', 'great', 'shirt', 'mall', 'lose', 'busi', 'shop', 'owner', 'start', 'sell', 'onlin']"
Mal Ambasador,Fauzan Muhammad,4.0,"['good', 'mall', 'overal', 'mani', 'phone', 'comput', 'shop', 'also', 'offer', 'quit', 'nice', 'food']"
Mal Ambasador,andi Pe,5.0,"['complet', 'mall', 'cloth', 'electron', 'cellphon', 'food', 'make', 'travel', 'shop', 'enjoy', 'competit', 'price']"
Mal Ambasador,Hasbi Hakiki,5.0,"['best', 'comfi', 'place', 'ever', 'time', 'also', 'best', 'vibe', 'well', 'even', 'see', 'sunset', 'jakarta', 'see', 'crowd', 'jakarta', 'also']"
Mal Ambasador,Syamsudin,5.0,"['item', 'alway', 'new', 'updat', 'suitabl', 'visitor', 'look', 'new', 'item']"
Mal Ambasador,Abdul Razzaq,5.0,"['long', 'time', 'go', 'food', 'court', 'top', 'level', 'chang', 'lot', 'various', 'choic', 'food', 'wide', 'rang', 'non', 'golden', 'triangl', 'worker', 'assum', 'lot', 'peopl', 'came', 'everi', 'lunch', 'frequent', 'lot', 'tabl', 'eat', 'togeth', 'friend', 'colleagu']"
Mal Ambasador,WintorialsLift,4.0,"['nice', 'mall', 'howev', 'one', 'want', 'focus', 'elev', 'escal', 'seem', 'servic', 'elev', 'lift', 'need', 'littl', 'bit', 'work', 'floor', 'particular', 'escal', 'east', 'atrium', 'one', 'goe', 'definit', 'nice', 'classic', 'mall', 'commiss', 'definit', 'recommend', 'come', 'need', 'buy', 'general', 'thing', 'like', 'comput', 'phone', 'eat', 'restaur', 'etc']"
Mal Ambasador,32 ara,5.0,"['mall', 'ambasador', 'recogn', 'hous', 'mix', 'local', 'intern', 'brand', 'make', 'favor', 'destin', 'shop', 'among', 'local', 'tourist', 'alik']"
Mal Ambasador,Masquerade of Sorrow,5.0,"['mall', 'crowd', 'though', 'store', 'close', 'still', 'comfort', 'quick', 'break', 'work']"
Mal Ambasador,Md. Aminul Islam,4.0,"['electron', 'product', 'littl', 'cheaper', 'addit', 'buy', 'good', 'watch']"
Mal Ambasador,Santika H Pyrena,5.0,"['visit', 'week', 'go', 'church', 'gdi', 'far', 'facil', 'like', 'escal', 'lift', 'perfect', 'work', 'foodcourt', 'also', 'good']"
Mal Ambasador,Lidyamelia,4.0,"['pretti', 'hectic', 'shop', 'store', 'lg', 'alway', 'see', 'mobil', 'phone', 'car', 'fair', 'sale', 'whilst', 'money', 'changer', 'store', 'cheap', 'fashion', 'surround', 'nd', 'floor', 'u', 'get', 'lot', 'gadget', 'phone', 'find', 'truste', 'shop', 'process', 'offer', 'cheap', 'other', 'shop', 'mall', 'locat', 'next', 'shop', 'superstor', 'itc', 'kuningan', 'build', 'conjunct', 'access', 'place', 'form', 'insid', 'build', 'rd', 'floor', 'food', 'court', 'food', 'stall', 'afternoon', 'lost', 'worker', 'nearbi', 'offic', 'build', 'eat', 'various', 'cheap', 'delici', 'food', 'avail', 'upper', 'floor', 'one', 'factori', 'outlet', 'u', 'buy', 'import', 'fashion', 'travel', 'also', 'kind', 'church', 'christian']"
Mal Ambasador,Ridwan Maulana,4.0,"['nice', 'mall', 'park', 'area', 'space', 'good', 'prayer', 'room', 'avail', 'basement', 'area', 'access', 'vehicl', 'good']"
Mal Ambasador,Ronsi nolast,5.0,"['great', 'place', 'shop', 'cheap', 'still', 'high', 'qualiti', 'product']"
Mal Ambasador,Darmawan,5.0,"['quit', 'age', 'alreadi', 'still', 'great', 'place', 'visit', 'shop']"
Mal Ambasador,Hukma Shabiyya Rizki,5.0,"['best', 'place', 'get', 'phone', 'instal', 'screen', 'protector', 'servic', 'food', 'court', 'mani', 'option', 'tri', 'kue', 'soe', 'near', 'escal']"
Mal Ambasador,Rene Jansen,4.0,"['like', 'nice', 'pasar', 'small', 'stand', 'big', 'varieti', 'product', 'old', 'build', 'like', 'market', 'stand', 'also', 'food', 'corner', 'fanci', 'normal']"
Mal Ambasador,Sepino Yulius,5.0,"['mani', 'good', 'store']"
Mal Ambasador,Rizky Ramadhani,4.0,"['clean', 'place', 'comfort', 'suitabl', 'shop', 'daili', 'need']"
Mal Ambasador,Péter Besze,5.0,"['place', 'buy', 'electron', 'gadget', 'need', 'lot', 'els', 'well']"
Mal Ambasador,KiesCloud,5.0,"['mall', 'offer', 'varieti', 'shop', 'rang', 'cloth', 'accessori', 'beauti', 'product', 'electron', 'visitor', 'find', 'local', 'intern', 'brand']"
Mal Ambasador,Wibisana Jusuf,4.0,"['look', 'gadget', 'camera', 'outfit', 'plain', 'daili', 'necess', 'look', 'ton', 'competit', 'price', 'shop', 'brand', 'brand', 'origin', 'fake']"
Mal Ambasador,Bella Hasibuan,4.0,"['old', 'mall', 'stil', 'comfort']"
Mal Ambasador,abdrcao,5.0,"['wan', 'na', 'find', 'cool', 'gadget', 'tou', 'find', 'right', 'place']"
Mal Ambasador,Asim Gt,4.0,"['place', 'consid', 'one', 'oldest', 'market', 'visit', 'arriv', 'jakarta', 'enjoy', 'shop']"
Mal Ambasador,Florence Natalia,5.0,"['still', 'great', 'window', 'shop', 'afford', 'food', 'court', 'th', 'floor', 'still', 'awesom']"
